t,x_obs,y_obs,x_best,y_best
6.0,88.364456,57.784378,59.66949804341921,45.80288436987335
6.036024016010674,74.283936,54.40678,59.70221940817699,45.81808534362225
6.072048032021348,60.256474,46.311462,59.735003366499136,45.83316912073856
6.108072048032021,82.13437,57.717567,59.76784989619276,45.848135742775
6.144096064042695,101.03639,67.84934,59.80075896768028,45.86298526511094
6.180120080053369,69.284134,48.406086,59.83373054399161,45.877717756967115
6.216144096064043,77.81013,57.588833,59.86676458075703,45.8923333014188
6.252168112074717,91.29688,63.03135,59.89986102620114,45.90683199540736
6.28819212808539,107.66841,65.91405,59.933019821137485,45.921213949750125
6.324216144096064,76.40689,56.871525,59.966240898964124,45.935479289148795
6.360240160106738,72.313515,51.168285,59.99952418566008,45.94962815219605
6.396264176117412,100.56871,68.07376,60.0328695997826,45.963660691380646
6.432288192128086,85.40742,57.31956,60.066277052465324,45.97757707309091
6.468312208138759,65.73637,47.454475,60.09974644741734,45.9913774776165
6.504336224149433,78.559,57.776672,60.133277680923015,46.00506209914865
6.540360240160107,102.01643,67.376236,60.16687064184285,46.01863114577866
6.576384256170781,92.44081,67.234024,60.20052521161503,46.032084839494914
6.6124082721814545,102.319664,67.23141,60.234241264258024,46.045423416178075
6.648432288192128,73.051186,52.32614,60.26801866637393,46.05864712559479
6.684456304202802,70.23932,48.974834,60.30185727715277,46.07175623138967
6.7204803202134755,88.56056,57.891556,60.33575694837761,46.08475101107569
6.7565043362241495,91.96877,65.819046,60.3697175244306,46.097631756022835
6.792528352234823,86.83264,57.347816,60.40373884229988,46.11039877144526
6.8285523682454965,92.62934,67.65634,60.437820731587365,46.12305237638666
6.8645763842561704,104.750336,66.19454,60.47196301451741,46.13559290370407
6.900600400266844,73.5264,53.136063,60.506165505946306,46.148020700050004
6.936624416277518,93.27278,68.66579,60.54042801337279,46.160336125852936
6.972648432288192,71.30269,49.905098,60.57475033694925,46.172539555296126
7.008672448298865,64.975815,47.35335,60.609132269494,46.184631376294824
7.044696464309539,89.05592,58.24083,60.64357359650427,46.19661199047182
7.080720480320213,100.71979,68.00157,60.67807409617019,46.2084818131313
7.116744496330887,106.31808,65.80417,60.712633539389614,46.22024127323111
7.152768512341561,108.06331,66.10597,60.74725168978378,46.231890813353395
7.188792528352234,67.84049,47.865753,60.78192830371397,46.24343088967347
7.224816544362908,82.02788,57.731422,60.816663130298885,46.2548619719272
7.260840560373582,98.86425,68.84363,60.851455911433035,46.26618454337663
7.296864576384256,72.67582,51.715893,60.88630638180595,46.27739910077402
7.33288859239493,97.88674,69.218376,60.92121426892226,46.288506154324224
7.368912608405603,88.70565,57.981354,60.956179293122645,46.29950622764544
7.404936624416278,70.66043,49.300117,60.99120116760572,46.31039985772829
7.440960640426951,95.17704,69.66583,61.026279598450685,46.32118759489336
7.476984656437625,90.98131,61.803932,61.06141428464098,46.33187000274699
7.513008672448299,74.11193,54.128273,61.096604918088666,46.342447658135484
7.549032688458972,67.423485,47.758686,61.131851183659805,46.35292115109773
7.585056704469647,75.07062,55.54406,61.16715275920061,46.36329108481618
7.62108072048032,93.32456,68.72479,61.20250931556453,46.373558075566145
7.657104736490994,92.49515,67.36309,61.23792051664011,46.38372275266355
7.693128752501668,109.09305,67.57011,61.273386019379856,46.39378575841109
7.729152768512341,74.6767,55.005707,61.30890547382979,46.40374774804268
7.765176784523016,84.74091,57.372154,61.34447852315998,46.413609389666405
7.801200800533689,83.09207,57.584,61.380104803695886,46.42337136420581
7.837224816544363,78.128586,57.682087,61.41578394495056,46.4330343653396
7.873248832555037,65.000305,47.356487,61.45151556965768,46.44259909943979
7.909272848565711,92.592575,67.57944,61.48729929380548,46.4520662855082
7.945296864576385,94.47159,69.50913,61.52313472667144,46.46143665511145
7.981320880587058,84.89339,57.357613,61.55902147085793,46.470710952314285
8.01734489659773,92.58727,67.568146,61.59495912232858,46.47988993361143
8.053368912608406,89.3978,58.564568,61.630947270445596,46.4889743678578
8.089392928619079,85.80336,57.30451,61.66698549800776,46.497965036197186
8.125416944629754,109.05394,67.45857,61.703073381289464,46.50686273198938
8.161440960640427,72.61481,51.620525,61.73921049008036,46.515668260735765
8.197464976651101,84.3335,57.416786,61.775396387725976,46.524382440003365
8.233488992661774,91.34593,63.23906,61.8116306311691,46.533006099347304
8.269513008672448,91.305405,63.06719,61.84791277099199,46.541540080231854
8.305537024683122,62.731583,47.02679,61.88424235145938,46.54998523594982
8.341561040693795,84.717255,57.374527,61.92061891056228,46.55834243154053
8.377585056704469,108.320114,66.29982,61.957041980062684,46.56661254370629
8.413609072715143,93.38754,68.792984,61.993511085538906,46.57479646072724
8.449633088725816,87.94448,57.602074,62.030025746431875,46.58289508237491
8.485657104736491,74.52983,54.788445,62.066585476092115,46.59090931982412
8.521681120747164,98.66312,68.92605,62.103189781827574,46.59884009556345
8.55770513675784,73.594505,53.253242,62.13983816495219,46.606688343304356
8.593729152768512,84.93126,57.354206,62.176530120835274,46.614455007888644
8.629753168779185,67.8154,47.858814,62.21326513895167,46.62214104519461
8.66577718478986,73.32133,52.783768,62.25004270293262,46.62974742204177
8.701801200800533,70.60834,49.25702,62.28686229061749,46.637275116094024
8.737825216811206,84.30343,57.420364,62.32372337410618,46.64472511576151
8.773849232821881,89.181885,58.35109,62.36062541981231,46.65209842010105
8.809873248832556,71.52109,50.144382,62.39756788851718,46.65939603871509
8.845897264843229,102.03093,67.36928,62.434550235424446,46.66661899164933
8.881921280853902,92.67618,67.75073,62.471571910215545,46.67376830928899
8.917945296864577,96.70082,69.55569,62.50863235710585,46.68084503225359
8.95396931287525,63.39724,47.13958,62.545731014901584,46.68785021129051
8.989993328885923,73.5922,53.24928,62.58286731705737,46.69478490716707
9.026017344896598,87.72062,57.527298,62.620040691734644,46.70165019056134
9.062041360907271,91.83847,65.328674,62.65725056186061,46.70844714195159
9.098065376917944,100.10727,68.291534,62.69449634518803,46.71517685150446
9.134089392928619,72.33709,51.20249,62.73177745435569,46.72184041896176
9.170113408939294,71.38096,49.98879,62.76909329694945,46.72843895352597
9.206137424949967,79.996185,57.89074,62.80644327556419,46.734973573744554
9.24216144096064,66.2157,47.525764,62.84382678786622,46.74144540739286
9.278185456971315,94.11699,69.35312,62.8812432266565,46.747855591355844
9.314209472981988,106.67454,65.77663,62.91869197993451,46.75420527150854
9.35023348899266,65.80095,47.463623,62.956172430962695,46.760495602595235
9.386257505003336,104.915665,66.138336,62.993683958331744,46.76672774810747
9.422281521014009,68.09816,47.941082,63.03122593602629,46.7729028801608
9.458305537024682,76.40583,56.87075,63.068797733491444,46.77902217937037
9.494329553035357,97.43371,69.365585,63.106398715699875,46.78508683472528
9.530353569046031,91.13893,62.39004,63.14402824321952,46.79109804346176
9.566377585056705,64.61357,47.307106,63.181685672281944,46.797057010935276
9.602401601067378,75.18191,55.68387,63.21937035485128,46.80296495049131
9.638425617078052,79.86053,57.89057,63.25708163869383,46.80882308333519
9.674449633088726,106.91785,65.777115,63.29481886744821,46.81463263840069
9.710473649099399,80.97552,57.84513,63.3325813806961,46.82039485221751
9.746497665110073,75.69756,56.260036,63.370368514033615,46.82611096877773
9.782521681120746,104.00347,66.47797,63.40817959914322,46.83178223940116
9.818545697131421,85.33286,57.3239,63.4460139638662,46.83740992259951
9.854569713142094,62.00487,46.874073,63.48387093227575,46.84299528393976
9.89059372915277,60.975353,46.582985,63.521749824750586,46.848539595906175
9.926617745163442,64.781975,47.3286,63.55964995804906,46.85404413776156
9.962641761174115,68.08688,47.937626,63.59757064538391,46.859510195407374
9.99866577718479,67.83224,47.863464,63.635511196497475,46.86493906124286
10.034689793195463,105.982315,65.85555,63.67347091773741,46.870332034023185
10.070713809206136,73.884186,53.748222,63.71144911213301,46.87569041871672
10.106737825216811,86.084404,57.303146,63.749445079471954,46.88101552636123
10.142761841227486,74.4463,54.66118,63.78745811637758,46.88630867391919
10.178785857238157,105.78893,65.89461,63.82548751638664,46.89157118413222
10.214809873248832,107.52535,65.8685,63.863532570027594,46.89680438537454
10.250833889259507,73.66033,53.366364,63.90159256489926,46.902009611505605
10.28685790527018,64.37273,47.276096,63.939666785750056,46.90718820172185
10.322881921280853,73.5063,53.101463,63.97775451455762,46.91234150040755
10.358905937291528,63.259483,47.117928,64.01585503060889,46.91747085698486
10.394929953302201,94.03549,69.30809,64.05396761058063,46.922577625763076
10.430953969312874,68.93807,48.247204,64.09209152862046,46.927663165787
10.466977985323549,91.60011,64.34067,64.13022605642811,46.93272884068463
10.503002001334224,78.77941,57.81267,64.16837046333734,46.93777601851393
10.539026017344895,75.13112,55.620747,64.20652401639802,46.942806071609006
10.57505003335557,66.16168,47.517296,64.24468598045887,46.94782037642544
10.611074049366245,65.39946,47.408455,64.28285561825027,46.95282031338489
10.647098065376918,87.790306,57.549076,64.32103219046772,46.95780726671909
10.683122081387591,72.77513,51.87362,64.35921495585555,46.962782624313036
10.719146097398266,91.200226,62.633213,64.39740317129099,46.967747777547594
10.755170113408939,102.7788,67.01567,64.43559609186858,46.972704121141405
10.791194129419612,76.0424,56.58198,64.47379297098492,46.97765305299221
10.827218145430287,75.27876,55.80104,64.51199306042386,46.98259597401744
10.863242161440962,87.3976,57.442387,64.5501956104418,46.98753428799439
10.899266177451633,102.9538,66.93498,64.5883998698535,46.99246940139961
10.935290193462308,87.94472,57.60216,64.62660508611808,46.99740272324789
10.971314209472983,74.40376,54.595406,64.66481050542532,47.00233566493063
11.007338225483656,73.56321,53.199406,64.70301537278229,47.007269640053664
11.043362241494329,95.13926,69.66168,64.74121893210024,47.012206064274636
11.079386257505003,103.97244,66.49064,64.77942042628169,47.01714635513982
11.115410273515677,65.96929,47.48809,64.81761909730785,47.022091931920535
11.15143428952635,81.25386,57.820103,64.85581418632624,47.027044215449
11.187458305537024,86.36154,57.31073,64.89400493373859,47.032004627953924
11.2234823215477,92.42379,67.19231,64.93219057928881,47.03697459289548
11.25950633755837,68.11478,47.946205,64.9703703621515,47.04195553480003
11.295530353569045,71.20676,49.8056,65.00854352102021,47.0469488790944
11.33155436957972,108.45938,66.43607,65.04670929419635,47.05195605193984
11.367578385590393,93.277695,68.67151,65.08486691967789,47.05697848006556
11.403602401601066,67.05038,47.676136,65.12301563524855,47.06201759060206
11.439626417611741,79.78789,57.88972,65.16115467856692,47.067074810914065
11.475650433622414,74.87908,55.29064,65.19928328725584,47.07215156843319
11.511674449633087,79.49469,57.880463,65.23740069899196,47.07724929049039
11.547698465643762,89.37785,58.54345,65.27550615159532,47.08236940414813
11.583722481654437,106.95904,65.77898,65.31359888311911,47.087513336032266
11.61974649766511,80.78044,57.8599,65.35167813193958,47.09268251216387
11.655770513675783,98.47919,68.99922,65.38974313684594,47.09787835779073
11.691794529686458,84.019806,57.455715,65.42779313713046,47.10310229721872
11.727818545697131,73.8353,53.665348,65.46582737267869,47.10835575364307
11.763842561707804,80.66119,57.867683,65.50384508405945,47.11364014897943
11.799866577718479,76.77666,57.116966,65.54184551261531,47.11895690369491
11.835890593729152,74.26545,54.377274,65.57982790055281,47.12430743663893
11.871914609739825,69.432274,48.48101,65.61779149103279,47.129693164874084
11.9079386257505,63.283775,47.121803,65.65573552826083,47.13511550350695
11.943962641761175,63.616543,47.172565,65.69365925757756,47.140575865518784
11.979986657771848,72.93113,52.12703,65.73156192554914,47.14607566159629
12.016010673782521,81.7729,57.7632,65.76944278005762,47.15161629996242
12.052034689793196,71.50804,50.129574,65.8073010703913,47.15719918620706
12.088058705803869,93.61654,69.01099,65.8451360473351,47.16282572311794
12.124082721814542,90.27472,59.875393,65.88294696326089,47.16849731051151
12.160106737825217,84.668304,57.37953,65.92073307221773,47.17421534506392
12.19613075383589,65.262024,47.390335,65.95849363002206,47.17998122014212
12.232154769846563,101.74204,67.508316,65.99622789434792,47.185796325635096
12.268178785857238,99.37213,68.62584,66.03393512481694,47.19166204778525
12.304202801867913,73.00548,52.24997,66.07161458308828,47.197579769019924
12.340226817878586,92.74753,67.887184,66.10926553294863,47.203550867783164
12.376250833889259,74.56288,54.83807,66.14688724040182,47.209576718367636
12.412274849899934,108.43132,66.40654,66.18447897375856,47.215658690746814
12.448298865910607,76.15849,56.679646,66.22204000372587,47.221798150407416
12.48432288192128,73.49158,53.07614,66.25956960349647,47.227996458182055
12.520346897931955,108.5905,66.59001,66.29706704883802,47.23425497008226
12.556370913942628,93.21804,68.60042,66.33453161818207,47.24057503713177
12.5923949299533,90.96892,61.76042,66.37196259271298,47.246958005200106
12.628418945963976,88.533585,57.875877,66.4093592564566,47.25340521483659
12.66444296197465,106.84482,65.77513,66.44672089636873,47.25991800110469
12.700466977985323,75.996254,56.541702,66.48404680242336,47.26649769341669
12.736490993995996,108.8618,67.01758,66.52133626770082,47.273145615368904
12.772515010006671,94.893555,69.6239,66.55858858847543,47.27986308457721
12.808539026017344,109.11921,67.65021,66.59580306430327,47.28665141251303
12.844563042028017,62.290203,46.9384,66.63297899810937,47.29351190433991
12.880587058038692,108.11298,66.13849,66.67011569627485,47.30044585875044
12.916611074049365,68.867386,48.21734,66.70721246872368,47.307454567803724
12.952635090060038,92.12111,66.33725,66.74426862900924,47.31453931676346
12.988659106070713,68.91644,48.237976,66.78128349440045,47.32170138393645
13.024683122081388,96.1428,69.64946,66.81825638596783,47.328942040511755
13.060707138092061,81.79806,57.760162,66.8551866286689,47.336262550400455
13.096731154102734,90.74434,61.036118,66.89207355143367,47.34366417007593
13.132755170113409,71.67781,50.327328,66.92891648724942,47.351148148414836
13.168779186124082,85.39762,57.320107,66.96571477324541,47.35871572653873
13.204803202134755,95.05159,69.650406,67.002467750777,47.366368137656366
13.24082721814543,89.69113,58.91278,67.03917476550964,47.37410660690659
13.276851234156105,86.577896,57.323666,67.07583516750228,47.38193235120207
13.312875250166776,108.88264,67.05848,67.11244831129049,47.389846579073705
13.348899266177451,90.68565,60.866447,67.14901355596923,47.397850490515694
13.384923282188126,97.15971,69.44433,67.18553026527508,47.405945276831524
13.420947298198799,66.14101,47.514088,67.2219978076681,47.41413212048062
13.456971314209472,108.9283,67.15332,67.2584155564134,47.42241219492584
13.492995330220147,65.798256,47.46324,67.29478288966202,47.43078666448179
13.52901934623082,78.87851,57.82636,67.33109919053157,47.43925668416402
13.565043362241493,60.722965,46.49486,67.36736384718633,47.447823399538976
13.601067378252168,89.374695,58.540127,67.40357625291682,47.45648794657497
13.637091394262843,64.84805,47.33703,67.43973580621903,47.46525145149393
13.673115410273514,62.297134,46.939888,67.47584191087309,47.474115030624105
13.709139426284189,72.50768,51.456062,67.51189397602131,47.483079790253775
13.745163442294864,75.22398,55.73528,67.547891416246,47.492146826485815
13.781187458305537,92.5421,67.46969,67.58383365164651,47.50131722509323
13.81721147431621,91.76163,65.02105,67.61972010791582,47.51059206137581
13.853235490326885,69.87601,48.73332,67.6555502164167,47.519972400017664
13.889259506337558,90.026215,59.413406,67.6913234142571,47.52945929494581
13.92528352234823,91.29399,63.01921,67.72703914436521,47.53905378918985
13.961307538358906,67.267746,47.722847,67.76269685556382,47.548756914742704
13.99733155436958,66.251755,47.531487,67.7982960026441,47.558569692422374
14.033355570380253,88.24255,57.725243,67.83383604643885,47.568493131734854
14.069379586390927,62.820454,47.043148,67.86931645389515,47.578528230738186
14.105403602401601,62.73942,47.02825,67.90473669814634,47.588675975907535
14.141427618412274,68.796814,48.188347,67.94009625858345,47.598937342001584
14.177451634422948,92.12008,66.33395,67.97539462092593,47.60931329192996
14.213475650433622,64.82164,47.33366,68.01063127729188,47.6198047766219
14.249499666444295,59.841995,46.123955,68.04580572626746,47.63041273489614
14.28552368245497,77.25728,57.37197,68.08091747297581,47.64113809333204
14.321547698465643,79.44801,57.878082,68.1159660291452,47.65198176614182
14.357571714476316,76.39547,56.863194,68.15095091317653,47.66294465504427
14.393595730486991,87.33865,57.429527,68.18587165021017,47.67402764913953
14.429619746497664,62.4294,46.967644,68.22072777219218,47.68523162478527
14.46564376250834,91.37279,63.354008,68.25551881793962,47.69655744547417
14.501667778519012,91.049194,62.049133,68.29024433320538,47.70800596171268
14.537691794529685,90.173035,59.67565,68.32490387074223,47.71957801090114
14.57371581054036,73.6677,53.379017,68.35949699036605,47.73127441721527
14.609739826551033,77.249405,57.368324,68.39402325901843,47.74309599148902
14.645763842561708,80.15135,57.888752,68.4284822508285,47.75504353109883
14.681787858572381,83.94881,57.46496,68.46287354717398,47.767117819849176
14.717811874583054,108.97946,67.269,68.49719673674159,47.77931962785976
14.753835890593729,90.77887,61.139618,68.5314514155865,47.79164971145392
14.789859906604402,96.19858,69.64244,68.56563718719114,47.80410881304856
14.825883922615077,108.233795,66.22717,68.59975366252326,47.81669766104562
14.86190793862575,107.11398,65.79105,68.63380046009303,47.82941696972491
14.897931954636423,95.94585,69.66956,68.66777720600957,47.8422674391385
14.933955970647098,69.41282,48.47092,68.70168353403649,47.85524975500664
14.969979986657771,103.511894,66.6853,68.73551908564664,47.86836458861511
15.006004002668446,90.42824,60.208614,68.76928351007618,47.881612596714234
15.042028018679119,95.237015,69.67156,68.80297646437765,47.89499442141934
15.078052034689792,99.81618,68.426125,68.83659761347226,47.90851069011287
15.114076050700467,70.455025,49.13498,68.87014663020148,47.92216201534796
15.15010006671114,101.509,67.62091,68.90362319537742,47.93594899475375
15.186124082721815,63.73288,47.189407,68.93702699783282,47.94987221094224
15.222148098732488,92.998146,68.30362,68.97035773446976,47.96393223141666
15.25817211474316,80.008644,57.890663,69.00361511030778,47.978129608481716
15.294196130753836,86.428856,57.31406,69.03679883853096,47.99246487915524
15.330220146764509,100.82977,67.948814,69.06990864053417,48.00693856508164
15.366244162775184,96.847244,69.52318,69.10294424596842,48.021551172446976
15.402268178785857,74.652145,54.969982,69.13590539278532,48.03630319189576
15.43829219479653,61.066086,46.612896,69.16879182728064,48.05119509844938
15.474316210807205,92.36841,67.052155,69.20160330413694,48.066227351426306
15.510340226817878,88.572655,57.898685,69.23433958646521,48.081400394364
15.546364242828552,77.57456,57.50553,69.26700044584577,48.09671465494252
15.582388258839226,70.86509,49.477745,69.29958566236805,48.11217054490992
15.618412274849899,73.710464,53.452335,69.3320950246695,48.127768460009406
15.654436290860573,91.25897,62.87323,69.36452832997362,48.143508779908196
15.690460306871246,102.26785,67.256035,69.39688538412693,48.15939186812822
15.726484322881921,86.29464,57.30802,69.42916600163505,48.17541807197863
15.762508338892594,66.691666,47.606483,69.4613700056978,48.191587722490034
15.798532354903267,67.401405,47.75348,69.49349722824331,48.207901134350585
15.834556370913942,89.673546,58.889763,69.52554750996129,48.22435860584394
15.870580386924615,75.80003,56.360825,69.55752070033503,48.2409604187889
15.90660440293529,89.972694,59.32484,69.58941665767279,48.257706838481106
15.942628418945963,107.98245,66.0575,69.62123524913788,48.274598113636394
15.978652434956636,60.397987,46.370056,69.65297635077796,48.291634476336114
16.01467645096731,90.2498,59.824986,69.6846398475532,48.30881614197428
16.050700466977986,76.785515,57.122295,69.71622563336352,48.326143309206664
16.086724482988657,103.911285,66.51577,69.7477336110748,48.34361615990162
16.122748498999332,74.90802,55.329956,69.77916369254412,48.361234859093045
16.158772515010007,92.933075,68.20419,69.81051579864382,48.37899955493501
16.19479653102068,70.27634,49.001396,69.84178985928475,48.39691037865843
16.230820547031353,87.874054,57.57702,69.8729858134384,48.414967444529665
16.266844563042028,92.40972,67.15736,69.90410360915796,48.43317084981097
16.3028685790527,98.88393,68.835434,69.93514320359836,48.451520674722985
16.338892595063374,78.39067,57.743687,69.96610456303539,48.47001698240902
16.37491661107405,102.309204,67.23637,69.9969876628836,48.48865981890149
16.41094062708472,79.44081,57.87769,70.02779248771326,48.50744921309014
16.4469646430954,85.28304,57.327034,70.05851903126624,48.526385176692294
16.48298865910607,60.90506,46.55918,70.0891672964709,48.5454677042251
16.51901267511674,70.797195,49.41732,70.1197372954558,48.56469677297975
16.55503669112742,73.06592,52.350796,70.15022904956244,48.58407234299761
16.59106070713809,67.66361,47.81824,70.18064258935692,48.60359435704843
16.627084723148766,77.43954,57.45182,70.21097795464054,48.62326274061053
16.66310873915944,94.51079,69.52278,70.24123519445932,48.64307740185294
16.699132755170112,106.62866,65.7784,70.27141436711244,48.66303823161959
16.735156771180787,88.09761,57.66174,70.30151554015961,48.683145103415505
16.77118078719146,89.39226,58.558678,70.3315387904274,48.70339787339499
16.807204803202133,61.616455,46.775974,70.36148420401442,48.723796380351885
16.843228819212808,106.319016,65.804054,70.39135187629552,48.744340445711785
16.879252835223483,62.7649,47.032974,70.42114191192476,48.76502987352632
16.915276851234154,64.595535,47.3048,70.45085442483747,48.7858644504695
16.95130086724483,104.239914,66.38359,70.48048953825108,48.80684394583599
16.987324883255503,99.524216,68.55829,70.51004738466492,48.82796811154157
17.023348899266175,90.66366,60.804863,70.53952810585893,48.849236682125515
17.059372915276853,72.28844,51.132133,70.56893185289132,48.87064937475508
17.095396931287524,94.44414,69.499176,70.598258786095,48.89220588923202
17.131420947298196,68.64038,48.1269,70.62750907507304,48.91390590800114
17.167444963308874,92.69243,67.78257,70.65668289869303,48.93574909616097
17.203468979319545,94.68503,69.57575,70.68578044508028,48.95773510147636
17.23949299533022,70.26659,48.994358,70.71480191160995,48.97986355439327
17.275517011340895,104.274055,66.370285,70.7437475048981,49.00213406805557
17.311541027351566,79.4138,57.876167,70.77261744079159,49.0245462383238
17.34756504336224,81.50524,57.79402,70.80141194435697,49.047099643796194
17.383589059372916,93.096344,68.44329,70.83013124986816,49.069793845831555
17.419613075383587,77.229965,57.35925,70.85877560079314,49.0926283885743
17.455637091394262,65.51477,47.42392,70.8873452497794,49.11560279898159
17.491661107404937,69.378174,48.45314,70.91584045863846,49.138716586852446
17.52768512341561,87.4516,57.454853,70.94426149832915,49.16196924485892
17.563709139426283,81.048904,57.83896,70.97260864893988,49.18536024857946
17.599733155436958,88.20528,57.70822,71.0008821996697,49.20888905653412
17.63575717144763,83.776,57.488,71.02908244880842,49.232555110222044
17.671781187458304,83.94396,57.46559,71.0572097037155,49.256357834160866
17.70780520346898,65.93984,47.48374,71.08526428079787,49.28029663592821
17.74382921947965,70.21596,48.95827,71.11324650548673,49.304370906205214
17.77985323549033,82.9376,57.606106,71.1411567122131,49.32858001882221
17.815877251501,89.321144,58.485,71.16899524438246,49.352923330806306
17.85190126751167,62.5077,46.98352,71.19676245434816,49.37740018243111
17.88792528352235,73.66999,53.382942,71.2244587033838,49.4020098972685
17.92394929953302,64.68513,47.31625,71.25208436165448,49.426751782242356
17.959973315543696,87.32826,57.427334,71.279639808187,49.45162512768444
17.99599733155437,65.08573,47.367462,71.30712543083894,49.47662920739222
18.032021347565042,91.49481,63.88324,71.33454162626674,49.501763278688806
18.068045363575717,75.22975,55.742268,71.36188879989251,49.527026582484794
18.10406937958639,71.975784,50.701736,71.38916736587002,49.55241834334228
18.140093395597063,76.896385,57.1869,71.41637774704932,49.57793776954079
18.176117411607738,102.75618,67.02618,71.44352037494059,49.603584053145255
18.212141427618413,74.49072,54.72918,71.47059568967663,49.629356370075996
18.248165443629084,85.680405,57.30765,71.49760413997447,49.65525388018074
18.28418945963976,108.2257,66.22078,71.5245461830959,49.68127572730854
18.320213475650434,75.2616,55.78057,71.55142228480676,49.70742103938583
18.356237491661105,96.17354,69.64566,71.57823291933546,49.73368892849436
18.39226150767178,75.10692,55.590275,71.60497856933014,49.76007849095116
18.428285523682455,86.42436,57.31382,71.63165972581501,49.7865888073904
18.464309539693126,82.18588,57.71076,71.6582768881455,49.81321894284739
18.500333555703804,85.36704,57.321854,71.68483056396236,49.83996794684436
18.536357571714476,92.37315,67.064415,71.7113212691449,49.86683485347827
18.572381587725147,97.39812,69.37628,71.73774952776293,49.893818681510595
18.608405603735825,86.3952,57.31232,71.7641158720278,49.92091843445902
18.644429619746496,88.03941,57.6382,71.79042084224247,49.94813310069101
18.68045363575717,81.61376,57.781876,71.81666498675037,49.97546165351945
18.716477651767846,109.1712,67.82467,71.84284886188348,50.00290305130003
18.752501667778517,94.671165,69.571976,71.86897303190909,50.030456237530665
18.788525683789192,105.836685,65.88438,71.89503806897588,50.05812014095277
18.824549699799867,60.13468,46.258873,71.92104455305869,50.08589367565434
18.86057371581054,106.91206,65.7769,71.9469930719025,50.11377574117512
18.896597731821213,78.7502,57.80835,71.97288422096528,50.14176522261341
18.932621747831888,90.17346,59.676453,71.99871860335996,50.1698609907349
18.96864576384256,75.03909,55.503464,72.02449682979527,50.19806190208322
19.004669779853234,63.017246,47.07784,72.05021951851572,50.22636679909248
19.04069379586391,87.971695,57.612152,72.07588729524056,50.25477451020155
19.07671781187458,83.36291,57.545387,72.10150079310175,50.28328384997011
19.112741827885255,76.465996,56.913887,72.127060652581,50.31189361919665
19.14876584389593,98.47157,69.0022,72.15256752144575,50.34060260503815
19.1847898599066,63.293552,47.123356,72.17802205468442,50.369409581131585
19.22081387591728,91.36345,63.313972,72.20342491444042,50.398313307717224
19.25683789192795,67.70365,47.828712,72.22877676994545,50.42731253176367
19.292861907938622,108.97833,67.26634,72.25407829745178,50.456405987094634
19.3288859239493,76.536995,56.963158,72.27933018016356,50.48559239451753
19.364909939959972,89.993866,59.35945,72.3045331081672,50.51487046195364
19.400933955970647,90.68078,60.852715,72.32968777836106,50.54423888457022
19.43695797198132,84.48042,57.39982,72.35479489438389,50.57369634491403
19.472981987991993,104.75719,66.192154,72.37985516654255,50.60324151304682
19.509006004002668,75.93179,56.48401,72.40486931173893,50.63287304668231
19.545030020013343,74.25791,54.3652,72.42983805339573,50.66258959132491
19.581054036024014,95.47139,69.68443,72.45476212138158,50.69238978041005
19.61707805203469,66.915474,47.648926,72.47964225193523,50.72227223544622
19.653102068045364,64.950615,47.35013,72.50447918758877,50.752235566158475
19.689126084056035,99.93589,68.37108,72.52927367709013,50.78227837063372
19.72515010006671,69.47873,48.505417,72.5540264753247,50.8123992354675
19.761174116077385,70.85028,49.464436,72.57873834323604,50.84259673591234
19.797198132088056,107.775665,65.95579,72.6034100477458,50.87286943602768
19.83322214809873,93.13153,68.49046,72.62804236167287,50.90321588883141
19.869246164109406,96.121155,69.65203,72.6526360636516,50.9336346364528
19.905270180120077,87.57619,57.48619,72.67719193804929,50.96412421028709
19.941294196130755,90.154015,59.639984,72.70171077488288,50.99468313115148
19.977318212141427,108.58771,66.58643,72.7261933697348,51.025309909442605
20.0133422281521,92.21913,66.63875,72.7506405236681,51.05600304529559
20.049366244162776,91.19661,62.61863,72.7750530431407,51.08676102874439
20.085390260173448,99.95255,68.36338,72.79943173991907,51.11758233988367
20.121414276184122,60.347546,46.349476,72.82377743099087,51.1484654490321
20.157438292194797,89.694115,58.916718,72.84809093847717,51.179408816897
20.19346230820547,64.39439,47.278908,72.8723730895436,51.21041089474037
20.229486324216143,63.84976,47.205925,72.89662471631107,51.24147012454636
20.265510340226818,86.998276,57.36927,72.92084665576553,51.272584939190004
20.30153435623749,61.12748,46.632626,72.94503974966722,51.30375376260731
20.337558372248164,89.4724,58.646294,72.96920484445904,51.33497500996666
20.37358238825884,85.695496,57.30719,72.99334279117437,51.36624708784156
20.40960640426951,71.49108,50.110435,73.01745444534413,51.397568394384514
20.445630420280185,91.66434,64.61559,73.04154066690316,51.428937319502374
20.48165443629086,94.34387,69.45993,73.06560232009605,51.46035224503273
20.51767845230153,97.142685,69.44894,73.08964027338217,51.491811544921596
20.55370246831221,87.99004,57.61907,73.11365539934016,51.52331358540235
20.58972648432288,62.495224,46.981018,73.1376485745717,51.55485672517575
20.625750500333552,85.49915,57.314842,73.16162067960482,51.586439315591214
20.66177451634423,80.33759,57.883514,73.18557259879643,51.618059700829136
20.697798532354902,92.62985,67.657394,73.20950522023428,51.64971621808444
20.733822548365577,70.42611,49.112743,73.23341943563845,51.681407197751135
20.76984656437625,84.324425,57.417862,73.25731614026215,51.713130963608016
20.805870580386923,83.71477,57.496323,73.28119623279194,51.74488583300542
20.841894596397598,59.839375,46.122692,73.30506061524751,51.776670117052966
20.877918612408273,100.65938,68.03047,73.32891019288076,51.808482120808414
20.913942628418944,83.208374,57.56737,73.35274587407449,51.84032014346745
20.94996664442962,100.0634,68.31197,73.37656857024048,51.87218247855448
20.985990660440294,64.75923,47.325703,73.40037919571704,51.904067414114365
21.022014676450965,88.327545,57.7659,73.42417866766617,51.93597323290515
21.05803869246164,106.79958,65.77472,73.4479679059701,51.967898212591585
21.094062708472315,91.09119,62.20636,73.47174783312742,51.99984062593974
21.130086724482986,77.039,57.26452,73.49551937414878,52.0317987410123
21.16611074049366,108.69649,66.736824,73.519283456452,52.06377082136479
21.202134756504336,60.147415,46.26447,73.5430410097569,52.09575512624268
21.238158772515007,70.53592,49.198494,73.56679296597957,52.12774991077924
21.274182788525685,109.16109,67.78894,73.59054025912631,52.159753426194165
21.310206804536357,67.29219,47.728336,73.61428382518707,52.19176391999303
21.346230820547028,77.498215,57.47571,73.63802460202864,52.22377963616744
21.382254836557706,69.952415,48.781338,73.6617635292872,52.25579881539592
21.418278852568378,109.23152,68.058586,73.68550154826083,52.28781969524548
21.454302868579052,97.67729,69.28889,73.70923960180139,52.31984051037392
21.490326884589727,61.88685,46.845615,73.73297863420615,52.35185949273266
21.5263509006004,88.07303,57.651665,73.75671959110909,52.38387487177035
21.562374916611073,91.84337,65.347855,73.7804634193719,52.41588487463702
21.59839893262175,97.819046,69.24161,73.8042110669746,52.44788772638874
21.63442294863242,60.637165,46.46319,73.82796348290589,52.479881650192986
21.670446964643094,90.533325,60.46108,73.85172161705327,52.51186486753445
21.70647098065377,102.37935,67.20309,73.87548642009274,52.54383559842133
21.74249499666444,90.95332,61.70615,73.89925884337845,52.57579206159225
21.778519012675115,90.142395,59.618473,73.92303983883187,52.60773247472353
21.81454302868579,72.07845,50.83886,73.94683035883092,52.63965505463687
21.85056704469646,63.339672,47.130627,73.97063135609875,52.6715580175076
21.886591060707136,106.090744,65.836555,73.99444378359235,52.70343957907322
21.92261507671781,91.19957,62.630554,74.01826859439096,52.735297954842274
21.958639092728482,75.1933,55.697865,74.04210674158435,52.767131360303715
21.99466310873916,73.36992,52.867035,74.06595917816077,52.79893801113646
22.030687124749832,59.97834,46.18834,74.08982685689494,52.83071612341928
22.066711140760507,104.58249,66.254265,74.11371073023572,52.86246391384104
22.10273515677118,93.471085,68.877754,74.1376117501938,52.894179599911084
22.138759172781853,97.94429,69.19832,74.16153086822911,52.925861400169886
22.174783188792528,74.18652,54.250084,74.18546903513823,52.95750753439995
22.210807204803203,66.897644,47.645424,74.20942720094169,52.98911622383684
22.246831220813874,101.69692,67.5301,74.23340631477116,53.020685691380336
22.28285523682455,107.99879,66.066864,74.2574073247566,53.05221416180581
22.318879252835224,77.5509,57.49644,74.28143117791333,53.083699861975624
22.354903268845895,93.02741,68.34651,74.30547882002902,53.115141021050626
22.39092728485657,103.23123,66.80925,74.3295511955508,53.14653587070175
22.426951300867245,71.173195,49.771584,74.35364924747216,53.17788264532157
22.462975316877916,86.28685,57.307743,74.37777391721994,53.209179582235926
22.49899933288859,91.41611,63.540955,74.4019261445414,53.24042492191548
22.535023348899266,90.98685,61.823547,74.42610686739118,53.2716169081873
22.57104736490994,109.02727,67.38749,74.45031702181839,53.30275378844623
22.607071380920612,98.192055,69.10881,74.47455754185366,53.33383381386636
22.643095396931287,65.541695,47.427567,74.49882935939638,53.36485523961225
22.67911941294196,70.486595,49.159534,74.52313340410194,53.39581632504997
22.715143428952633,99.25664,68.67647,74.54747060326905,53.42671533395817
22.751167444963308,92.77989,67.94629,74.57184188172715,53.457550534738715
22.787191460973983,72.92796,52.12182,74.59624816172405,53.488320200627236
22.823215476984654,68.43725,48.052586,74.62069036281353,53.51902260990346
22.85923949299533,108.792175,66.89052,74.64516940174329,53.54965604610117
22.895263509006003,65.111694,47.37081,74.6696861923428,53.58021879821795
22.93128752501668,80.72796,57.86345,74.69424164541158,53.610709160924564
22.96731154102735,86.27493,57.307335,74.71883666860745,53.64112543477403
23.003335557038024,108.9266,67.14965,74.7434721663352,53.67146592641032
23.0393595730487,90.42641,60.204388,74.7681490396352,53.7017289487766
23.07538358905937,61.57305,46.764187,74.79286818607247,53.73191282132312
23.111407605070045,84.64991,57.38144,74.81763049962588,53.762015870214704
23.14743162108072,60.062675,46.226814,74.84243687057759,53.792036428537585
23.18345563709139,91.39406,63.445595,74.8672881854028,53.82197283650597
23.219479653102066,72.29997,51.148727,74.89218532665979,53.85182344166794
23.25550366911274,96.78804,69.53668,74.91712917288017,53.88158659911085
23.291527685123416,72.736084,51.81124,74.94212059845947,53.91126067166612
23.327551701134087,103.11453,66.861786,74.96716047354815,53.94084403011354
23.363575717144762,105.00918,66.10778,74.99224966394277,53.97033505338484
23.399599733155437,77.25473,57.37079,75.01738903097763,53.999732128766624
23.43562374916611,76.58755,56.997185,75.04257943141667,54.029033652102726
23.471647765176783,83.2125,57.56678,75.06782171734591,54.058238027995806
23.507671781187458,74.66855,54.993874,75.09311673606604,54.08734367000817
23.54369579719813,98.0049,69.17688,75.11846532998554,54.11634900086199
23.579719813208804,87.03318,57.374413,75.14386833651432,54.145252452638644
23.61574382921948,65.07935,47.366642,75.16932658795749,54.174052466977265
23.651767845230154,69.02798,48.286415,75.19484091140987,54.20274749527258
23.687791861240825,65.215256,47.38423,75.22041212865074,54.23133599887172
23.7238158772515,108.0334,66.08742,75.24604105603916,54.25981644927039
23.759839893262175,94.31137,69.4462,75.27172850440975,54.28818732830795
23.795863909272846,107.57962,65.88449,75.2974752789689,54.31644712836167
23.83188792528352,94.897156,69.624596,75.32328217919161,54.3445943525401
23.867911941294196,100.7065,68.007935,75.3491499987186,54.37262751487533
23.903935957304867,92.35725,67.023056,75.3750795252543,54.40054514051442
23.939959973315542,94.18422,69.38751,75.4010715404651,54.42834576590967
23.975983989326217,101.72847,67.51486,75.42712681987817,54.456027939008
24.01200800533689,95.8431,69.676994,75.45324613278108,54.4835902194392
24.048032021347563,61.723045,46.80419,75.47943024212165,54.511031178703
24.084056037358238,106.574036,65.78123,75.50567990440877,54.53834940035526
24.120080053368913,108.751526,66.8225,75.53199586961344,54.56554348019283
24.156104069379584,60.43008,46.382977,75.55837888107078,54.59261202643731
24.19212808539026,108.57575,66.57127,75.5848296753824,54.61955365991771
24.228152101400934,64.26614,47.26218,75.61134898231953,54.64636701425182
24.264176117411605,71.689354,50.34118,75.63793752472687,54.673050736026354
24.30020013342228,101.43974,67.65442,75.6645960184269,54.69960348497594
24.336224149432955,100.57817,68.069244,75.6913251721251,54.72602393416074
24.37224816544363,74.50287,54.74765,75.7181256873157,54.75231077014281
24.4082721814543,102.601295,67.09846,75.74499825818822,54.7784626931612
24.444296197464976,95.039154,69.648605,75.77194357153459,54.80447841730563
24.48032021347565,80.72862,57.863403,75.7989623066573,54.83035667068884
24.51634422948632,62.415585,46.9648,75.82605513527784,54.85609619561758
24.552368245496996,88.9239,58.13536,75.85322272144633,54.88169574876221
24.58839226150767,64.06153,47.234978,75.88046572145163,54.90715410132475
24.624416277518346,104.307014,66.35753,75.9077847837323,54.932470039205676
24.660440293529017,101.23044,67.75564,75.93518054878841,54.957642363169086
24.696464309539692,73.213745,52.60025,75.96265364909405,54.98266988900642
24.732488325550367,66.00879,47.493973,75.99020470901071,55.007551447698724
24.76851234156104,89.58458,58.777718,76.01783434470146,55.032285885577295
24.804536357571713,70.43822,49.122025,76.04554316404594,55.05687206448281
24.840560373582388,69.982025,48.80033,76.07333176655625,55.08130886192289
24.87658438959306,78.67741,57.79699,76.10120074329365,55.105595171228046
24.912608405603734,91.83649,65.32091,76.12915067678611,55.12972990170598
24.94863242161441,64.95546,47.350746,76.15718214094679,55.15371197879433
24.984656437625084,71.93901,50.653633,76.18529570099335,55.17754034421166
25.020680453635755,65.86787,47.47324,76.21349191336822,55.201213956106805
25.05670446964643,92.43127,67.21072,76.2417713256597,55.22473178920657
25.092728485657105,90.68312,60.85933,76.270134476524,55.24809283496162
25.128752501667776,80.35068,57.883034,76.29858189560834,55.27129610169065
25.16477651767845,90.47276,60.313026,76.32711410347474,55.29434061472288
25.200800533689126,73.8731,53.729454,76.35573161152504,55.31722541653865
25.236824549699797,77.55532,57.498146,76.38443492192658,55.339949566908274
25.272848565710472,91.09712,62.228897,76.41322452753917,55.36251214302912
25.308872581721147,105.5641,65.94757,76.44210091184277,55.38491223966076
25.34489659773182,82.168396,57.713078,76.47106454886634,55.4071489692583
25.380920613742493,96.435326,69.60661,76.50011590311757,55.42922146210393
25.416944629753168,94.53585,69.531166,76.52925542951377,55.45112886643642
25.452968645763843,88.86307,58.089996,76.55848357331352,55.47287034857879
25.488992661774514,77.83441,57.596706,76.58780077004971,55.4944450930641
25.52501667778519,73.236725,52.639343,76.61720744546325,55.515852302759214
25.561040693795864,107.81581,65.973236,76.64670401543815,55.53709119898659
25.597064709806535,78.99194,57.840218,76.67629088593738,55.55816102164419
25.63308872581721,90.56072,60.53042,76.70596845294003,55.57906102932331
25.669112741827885,75.884094,56.44023,76.73573710237936,55.59979049942439
25.70513675783856,77.1286,57.31024,76.76559721008212,55.620348728270834
25.74116077384923,81.77484,57.76297,76.79554914170878,55.640735031220785
25.777184789859906,104.22193,66.390625,76.82559325269493,55.66094874277677
25.81320880587058,71.02401,49.62521,76.85572988819389,55.68098921669336
25.84923282188125,91.43157,63.60803,76.8859593830203,55.70085582608266
25.885256837891927,95.125946,69.660126,76.91628206159493,55.72054796351769
25.9212808539026,106.54651,65.78294,76.94669823789049,55.74006504113372
25.957304869913273,83.06877,57.587334,76.97720821537884,55.759406490727336
25.993328885923948,103.004105,66.91198,77.00781228697906,55.77857176385346
26.029352901934622,86.875885,57.35296,77.03851073500691,55.79756033192015
26.065376917945297,83.05893,57.588745,77.06930383112531,55.8163716862812
26.10140093395597,83.46822,57.530525,77.10019183629605,55.835005338326546
26.137424949966643,108.08395,66.119225,77.1311750007327,55.85346081957051
26.173448965977318,63.58079,47.167305,77.16225356385473,55.87173768173775
26.20947298198799,89.38669,58.552773,77.19342775424269,55.88983549684697
26.245496997998664,108.690865,66.72847,77.22469778959479,55.907753857292434
26.28152101400934,73.95118,53.861115,77.25606387668456,55.925492375923156
26.31754503002001,83.51262,57.5243,77.28752621131974,55.94305068611982
26.353569046030685,91.512886,63.962044,77.31908497830248,55.960428441869404
26.38959306204136,98.40002,69.03002,77.35074035139066,55.977625317837564
26.425617078052035,99.7871,68.439415,77.38249249326047,55.99464100943855
26.461641094062706,77.459274,57.459953,77.41434155547037,56.01147523290298
26.49766511007338,75.331985,55.863655,77.44628767842613,56.02812772534311
26.533689126084056,68.97483,48.26307,77.47833099134712,56.04459824481583
26.569713142094727,108.617355,66.62514,77.51047161223408,56.060886570383325
26.605737158105402,75.59129,56.1508,77.54270964783792,56.07699250217129
26.641761174116077,87.94819,57.60343,77.57504519362988,56.09291586142476
26.677785190126748,88.749664,58.010506,77.60747833377297,56.108656490561664
26.713809206137423,81.34161,57.811344,77.6400091410948,56.1242142532238
26.749833222148098,84.76715,57.36956,77.67263767706142,56.139589034325546
26.785857238158773,73.57217,53.214813,77.70536399175283,56.154780740100016
26.821881254169444,94.08592,69.336395,77.73818812383942,56.16978929814293
26.85790527018012,90.851524,61.366608,77.77111010056004,56.1846146574539
26.893929286190794,96.14155,69.64961,77.80412993770105,56.19925678847533
26.929953302201465,65.72508,47.45289,77.83724763957703,56.213715683128896
26.96597731821214,64.80665,47.33175,77.87046319901255,56.227991354849486
27.002001334222815,69.514786,48.524673,77.90377659732535,56.24208383861668
27.038025350233486,103.56291,66.66317,77.93718780431085,56.25599319098379
27.07404936624416,78.61897,57.78725,77.97069677822803,56.26971949010438
27.110073382254836,108.37656,66.35202,78.00430346578652,56.28326283575628
27.14609739826551,67.16323,47.69993,78.03800780213517,56.29662334936312
27.182121414276182,72.97366,52.197197,78.07180971085185,56.30980117401329
27.218145430286857,89.93677,59.267353,78.1057091039347,56.32279647447657
27.25416944629753,100.23461,68.23191,78.13970588179458,56.33560943721795
27.290193462308203,94.63124,69.5607,78.17379993324901,56.34824027040915
27.326217478318878,77.33009,57.404915,78.20799113551743,56.36068920393758
27.362241494329552,73.97333,53.89826,78.24227935421774,56.37295648941263
27.398265510340224,91.524704,64.01352,78.27666444336427,56.385042400169546
27.4342895263509,107.013916,65.78232,78.31114624536711,56.39694723127075
27.470313542361573,97.71262,69.277275,78.34572459103276,56.408671299504526
27.50633755837225,71.18136,49.77982,78.38039929956616,56.42021494338124
27.54236157438292,85.02605,57.346073,78.41517017857414,56.43157852312696
27.578385590393594,95.80946,69.67895,78.45003702407016,56.442762420674505
27.61440960640427,107.06502,65.78634,78.48499962048041,56.45376703965201
27.65043362241494,73.80681,53.616898,78.52005774065138,56.46459280536875
27.686457638425615,74.49812,54.740444,78.55521114585875,56.47524016479865
27.72248165443629,95.28337,69.67529,78.5904595858176,56.485709586560944
27.758505670446965,62.302025,46.940937,78.62580279869402,56.49600156089851
27.794529686457636,83.24202,57.562572,78.66124051111824,56.50611659965346
27.83055370246831,75.65033,56.212082,78.69677243819885,56.51605523624023
27.866577718478986,93.46611,68.87289,78.73239828353864,56.5258180256161
27.902601734489657,89.843925,59.12573,78.76811773925175,56.53540554424908
27.938625750500332,89.38074,58.54648,78.80393048598211,56.544818390083314
27.974649766511007,94.69672,69.57887,78.83983619292337,56.554057182501815
28.01067378252168,100.69043,68.015625,78.87583451784016,56.563122562286644
28.046697798532353,80.62247,57.869995,78.9119251070907,56.5720151915766
28.082721814543028,96.78681,69.53696,78.94810759565078,56.58073575382218
28.118745830553703,92.98937,68.29054,78.98438160713926,56.58928495373814
28.154769846564374,88.21269,57.71157,79.02074675384466,56.59766351725333
28.19079386257505,104.55353,66.264824,79.05720263675346,56.6058721914581
28.226817878585724,90.45687,60.275326,79.09374884557943,56.61391174454896
28.262841894596395,64.24977,47.26003,79.13038495879462,56.62178296577091
28.29886591060707,92.2016,66.58662,79.1671105436616,56.62948666535701
28.334889926617745,94.81251,69.60705,79.20392515626692,56.637023674465446
28.370913942628416,84.18933,57.434258,79.24082834155627,56.64439484511413
28.40693795863909,107.67827,65.9176,79.27781963337067,56.65160105011262
28.442961974649766,80.38931,57.881535,79.31489855448422,56.658643182991554
28.47898599066044,69.65707,48.603363,79.35206461664313,56.665522157929594
28.515010006671112,95.539986,69.68551,79.38931732060615,56.672238909677695
28.551034022681787,95.196335,69.667786,79.4266561561863,56.67879439348098
28.58705803869246,102.68201,67.06071,79.46408060229395,56.68518958499801
28.623082054703133,78.28122,57.719532,79.50159012698134,56.69142548021755
28.659106070713808,60.184776,46.280754,79.53918418748833,56.69750309537283
28.695130086724483,90.20094,59.72892,79.57686223028959,56.70342346685327
28.731154102735154,74.76298,55.129288,79.61462369114298,56.70918765111376
28.76717811874583,69.83387,48.70744,79.65246799513946,56.71479672458129
28.803202134756503,65.2345,47.38674,79.69039455675417,56.720251783559355
28.83922615076718,88.59566,57.91242,79.7284027798989,56.72555394412963
28.87525016677785,84.237495,57.428337,79.76649205797591,56.730704342051254
28.911274182788524,90.82439,61.280334,79.80466177393299,56.73570413265771
28.9472981987992,80.953545,57.846912,79.84291130031991,56.740554490751165
28.98332221480987,90.03496,59.428215,79.88123999934612,56.7452566104944
29.019346230820545,96.37332,69.61691,79.91964722293977,56.74981170530028
29.05537024683122,90.58339,60.588936,79.95813231280809,56.75422100771882
29.09139426284189,94.82645,69.61011,79.99669460049894,56.75848576932179
29.127418278852566,70.6093,49.257812,80.03533340746377,56.762607260584936
29.16344229486324,86.12115,57.30362,80.07404804512177,56.76658677076783
29.199466310873916,61.838905,46.83373,80.1128378149254,56.77042560779122
29.235490326884587,60.43497,46.384933,80.15170200842701,56.77412509811213
29.271514342895262,63.404472,47.140697,80.19063990734702,56.77768658659653
29.307538358905937,83.94167,57.465893,80.22965078364302,56.7811114363896
29.34356237491661,92.522484,67.4257,80.26873389958038,56.78440102878375
29.379586390927283,92.51,67.39729,80.307888507804,56.78755676308422
29.415610406937958,108.05853,66.10296,80.34711385141125,56.79058005647239
29.45163442294863,96.473976,69.59988,80.38640916402633,56.79347234386682
29.487658438959304,61.0614,46.611374,80.42577366987567,56.796235077781894
29.52368245496998,68.319565,48.012188,80.46520658386454,56.79886972818425
29.559706470980654,80.17167,57.88833,80.50470711165512,56.80137778234697
29.595730486991325,68.16829,47.962936,80.54427444974544,56.80376074470143
29.631754503002,89.14569,58.318398,80.58390778554983,56.80602013668693
29.667778519012675,91.67175,64.64703,80.62360629748022,56.808157496598156
29.703802535023346,78.880356,57.8266,80.66336915502906,56.810174379430364
29.73982655103402,95.52234,69.68534,80.70319551885297,56.812072356722354
29.775850567044696,63.234077,47.113846,80.74308454085782,56.813853016397324
29.811874583055367,91.38946,63.42578,80.78303536428498,56.81551796260151
29.847898599066042,101.31495,67.714775,80.82304712379855,56.81706881554066
29.883922615076717,89.827515,59.1017,80.86311894557386,56.81850721131441
29.91994663108739,65.60025,47.435562,80.90324994738708,56.819834801748534
29.955970647098063,102.7888,67.01104,80.94343923870593,56.821053254225
29.991994663108738,82.1103,57.720726,80.98368592078161,56.8221642515101
30.028018679119413,75.1078,55.591385,81.02398908674157,56.82316949158038
30.064042695130084,92.25764,66.75055,81.0643478216837,56.82407068744652
30.10006671114076,99.27986,68.666336,81.10476120277146,56.82486956697529
30.136090727151434,108.27411,66.26008,81.14522829933001,56.825567872709335
30.172114743162105,75.9808,56.528023,81.18574817294356,56.826167361685044
30.20813875917278,85.66717,57.308075,81.22631987755366,56.82666980524848
30.244162775183455,95.212036,69.669304,81.26694245955866,56.82707698886923
30.28018679119413,88.420784,57.81359,81.30761495791403,56.82739071195239
30.3162108072048,90.97214,61.77169,81.34833640423392,56.827612787648604
30.352234823215476,86.11294,57.303497,81.3891058228936,56.82774504266221
30.38825883922615,83.00083,57.597057,81.42992223113289,56.82778931705746
30.42428285523682,95.86464,69.67561,81.47078463916074,56.82774746406292
30.460306871247496,87.04689,57.376495,81.51169205026059,56.827621349873986
30.49633088725817,62.42662,46.96707,81.55264346089689,56.82741285345359
30.532354903268843,96.64554,69.56717,81.5936378608225,56.827123866331114
30.568378919279517,70.91681,49.5248,81.63467423318697,56.82675629239946
30.604402935290192,89.70112,58.925987,81.67575155464598,56.82631204771047
30.640426951300867,67.14601,47.69623,81.71686879547144,56.82579306026845
30.67645096731154,108.7751,66.861435,81.7580249196627,56.82520126982211
30.712474983322213,96.87378,69.516975,81.79921888505868,56.82453862765472
30.748498999332888,103.44414,66.7149,81.84044964345065,56.823807096372626
30.78452301534356,84.784294,57.367886,81.88171614069627,56.82300864969209
30.820547031354234,108.064285,66.1066,81.92301731683416,56.82214527222455
30.85657104736491,78.99724,57.84082,81.96435210619956,56.82121895926016
30.892595063375584,75.07477,55.549374,82.00571943754068,56.82023171654987
30.928619079386255,64.54359,47.29814,82.04711823413601,56.819185560085835
30.96464309539693,106.39838,65.795334,82.08854741391238,56.81808251588038
31.000667111407605,73.51332,53.11355,82.13000588956385,56.81692461974336
31.036691127418276,94.04462,69.31332,82.17149256867137,56.815713917058076
31.07271514342895,86.21326,57.305496,82.21300635382329,56.81445246255576
31.108739159439626,85.45016,57.317276,82.25454614273661,56.81314232008847
31.144763175450297,67.23327,47.71519,82.29611082837894,56.81178556240071
31.180787191460972,80.118805,57.889355,82.33769929909127,56.810384270899675
31.216811207471647,95.78493,69.68022,82.37931043871141,56.80894053542393
31.25283522348232,74.33629,54.489784,82.42094312669832,56.807456454010975
31.288859239492993,69.699036,48.627426,82.46259623825678,56.805934132663296
31.324883255503668,69.88797,48.74074,82.50426864446325,56.80437568511327
31.360907271514343,99.45998,68.586945,82.54595921239194,56.802783232586755
31.396931287525014,80.57764,57.872536,82.58766680524184,56.801158903565316
31.43295530353569,67.27801,47.725143,82.62939028246429,56.79950483354745
31.468979319546364,66.45993,47.565716,82.67112849989121,56.79782316480846
31.505003335557035,88.98872,58.185917,82.71288030986395,56.7961160461592
31.54102735156771,102.87527,66.97107,82.75464456136271,56.794385632703694
31.577051367578385,89.114716,58.29107,82.79642010013661,56.792634085595665
31.61307538358906,103.66346,66.61994,82.83820576883437,56.79086357179395
31.64909939959973,69.495834,48.51452,82.8800004071354,56.78907626381682
31.685123415610406,104.548,66.266846,82.92180285188164,56.78727433949535
31.72114743162108,76.76215,57.108192,82.96361193720975,56.78545998172577
31.75717144763175,93.71666,69.09297,83.005426494684,56.783635378220744
31.793195463642427,91.92409,65.6556,83.04724535342953,56.78180272125984
31.8292194796531,79.28415,57.867607,83.08906734026615,56.77996420743897
31.865243495663773,90.17369,59.67689,83.13089127984259,56.778122037419024
31.901267511674448,72.17386,50.969986,83.17271599477131,56.77627841567354
31.937291527685122,80.188896,57.88794,83.2145403057636,56.774435550235665
31.973315543695797,91.94896,65.7472,83.25636303176526,56.77259565244417
32.00933955970647,61.372883,46.70753,83.29818299009258,56.7707609366888
32.04536357571715,71.50158,50.12227,83.33999899656882,56.76893362015484
32.08138759172782,63.63017,47.17456,83.38180986566095,56.767115922566894
32.11741160773849,101.726776,67.515686,83.42361441061692,56.765310065932084
32.15343562374916,90.375824,60.090282,83.46541144360313,56.76351827428249
32.18945963975984,91.53073,64.03978,83.50719977584241,56.76174277341701
32.22548365577051,66.54762,47.580795,83.54897821775205,56.75998579064264
32.26150767178119,90.31019,59.948853,83.59074557908248,56.75824955451505
32.29753168779186,79.13634,57.8552,83.63250066905596,56.756536294578794
32.33355570380253,90.2213,59.7685,83.67424229650571,56.75484824110687
32.3695797198132,93.804474,69.15888,83.7159692700152,56.75318762483986
32.40560373582388,91.59376,64.31324,83.7576803980578,56.75155667672454
32.44162775183456,91.87694,65.47777,83.79937448913647,56.749957627652215
32.47765176784523,72.1156,50.8895,83.84105035192388,56.74839270819647
32.5136757838559,67.13384,47.693638,83.8827067954026,56.74686414835069
32.54969979986657,96.08626,69.65599,83.92434262900545,56.745374177265184
32.585723815877245,91.598724,64.3347,83.96595666275607,56.743925022984044
32.62174783188792,66.64534,47.59809,84.00754770740966,56.74251891218166
32.6577718478986,68.371185,48.029675,84.04911457459374,56.7411580698991
32.69379586390927,94.883026,69.62184,84.09065607694919,56.73984471928014
32.729819879919944,94.20091,69.39569,84.13217102827119,56.73858108130726
32.765843895930615,107.209564,65.802795,84.17365824365041,56.73736937453734
32.801867911941294,64.80259,47.33123,84.21511653961417,56.73621181483736
32.837891927951965,106.30962,65.805176,84.25654473426769,56.735110615119936
32.87391594396264,78.06683,57.66564,84.29794164743537,56.7340679850788
32.909939959973315,108.362,66.33818,84.33930610080202,56.733086130924335
32.945963975983986,91.44267,63.656235,84.38063691805422,56.73216725511893
32.98198799199466,95.60663,69.68545,84.42193292502154,56.731313556112596
33.018012008005336,65.882416,47.47535,84.46319294981777,56.730527228078486
33.054036024016014,93.19939,68.57742,84.50441582298207,56.72981046064856
33.090060040026685,72.13528,50.91654,84.54560037762016,56.72916543864937
33.12608405603736,91.82323,65.26865,84.58674544954528,56.72859434183806
33.16210807204803,85.487236,57.315414,84.62784987741912,56.72809934463844
33.1981320880587,105.93381,65.864746,84.66891250289268,56.72768261587736
33.23415610406938,64.528496,47.296204,84.7099321707469,56.7273463185214
33.270180120080056,103.69304,66.60733,84.75090772903313,56.727092609413646
33.30620413609073,92.60803,67.61209,84.79183802921361,56.726923639011
33.3422281521014,62.873985,47.052788,84.8327219263015,56.72684155112169
33.37825216811207,85.33308,57.323883,84.87355827900097,56.7268484826432
33.41427618412275,94.59474,69.549835,84.91434594984685,56.72694656330066
33.45030020013342,94.49611,69.517746,84.9550838053442,56.7271379153856
33.4863242161441,73.169815,52.52574,84.99577071610754,56.727424653495156
33.52234823215477,61.110256,46.627132,85.03640555699987,56.72780888427196
33.55837224816544,82.40662,57.68091,85.07698720727133,56.7282927061443
33.59439626417611,67.73822,47.837887,85.11751455069768,56.72887820906706
33.63042028018679,63.281425,47.12143,85.1579864757183,56.729567474263135
33.66644429619746,87.61714,57.49731,85.198401875574,56.73036257396555
33.70246831220814,108.42828,66.40341,85.23875964844439,56.731265571160165
33.73849232821881,92.11984,66.333176,85.27905869758492,56.732278519329164
33.77451634422948,73.192955,52.56496,85.31929793146351,56.73340346219516
33.810540360240154,75.71009,56.2726,85.35947626389682,56.73464243346612
33.84656437625083,66.186676,47.5212,85.39959261418605,56.73599745658109
33.88258839226151,103.15089,66.84537,85.4396459072523,56.73747054445666
33.91861240827218,66.668106,47.6022,85.47963507377153,56.73906369923436
33.95463642428285,60.40222,46.37177,85.5195590503091,56.74077891202885
33.990660440293524,76.193886,56.70839,85.55941677945358,56.74261816267713
34.0266844563042,107.47508,65.855,85.59920720995044,56.744583419488535
34.062708472314874,108.17935,66.185455,85.63892929683476,56.74667663899587
34.09873248832555,93.34307,68.74523,85.67858200156391,56.74889976570741
34.134756504336224,68.42618,48.048702,85.71816429214925,56.75125473185997
34.170780520346895,73.4466,52.99876,85.75767514328754,56.75374345717314
34.206804536357566,63.97435,47.223145,85.7971135364916,56.7563678486044
34.242828552368245,93.482086,68.88845,85.83647846022045,56.75912980010559
34.278852568378916,84.689705,57.377327,85.87576891000884,56.76203119238035
34.314876584389594,78.00832,57.649353,85.91498388859614,56.76507389264285
34.350900600400266,89.36037,58.52517,85.95412240605448,56.76825975437771
34.38692461641094,94.20148,69.39596,85.99318347991644,56.77159061710112
34.42294863242161,90.89169,61.497574,86.03216613530185,56.77506830612331
34.45897264843229,86.18367,57.30478,86.07106940504401,56.778694632312266
34.494996664442965,71.80492,50.482746,86.10989232981514,56.78247139185877
34.531020680453636,90.775856,61.130463,86.14863395825114,56.7864003660429
34.56704469646431,92.86107,68.087296,86.18729334707561,56.790483321001744
34.60306871247498,81.599075,57.783546,86.2258695612231,56.79472200749877
34.63909272848565,90.75035,61.053925,86.26436167396155,56.799118160694405
34.67511674449633,60.830315,46.53325,86.30276876701396,56.80367349991829
34.71114076050701,72.05026,50.8008,86.34108993067932,56.80838972844293
34.74716477651768,92.987236,68.287346,86.37932426395258,56.81326853325893
34.78318879252835,73.36859,52.86476,86.41747087464398,56.81831158485174
34.81921280853902,105.92935,65.865616,86.45552887949725,56.823520536980155
34.8552368245497,108.768776,66.850845,86.49349740430728,56.82889702645618
34.89126084056037,61.71777,46.80282,86.53137558403658,56.834442672926805
34.92728485657105,97.916435,69.20806,86.56916256293113,56.8401590786573
34.96330887258172,75.93578,56.487625,86.60685749463502,56.84604782831627
34.99933288859239,84.93327,57.354027,86.6444595423045,56.85211048876244
35.03535690460306,69.430305,48.479984,86.68196787872078,56.85834860883327
35.07138092061374,70.10975,48.8848,86.7193816864021,56.86476371913517
35.10740493662442,77.838104,57.597893,86.75670015771462,56.8713573318358
35.14342895263509,70.49333,49.16481,86.79392249498251,56.878130940458036
35.17945296864576,94.70233,69.58035,86.83104791059701,56.88508601967581
35.21547698465643,75.10361,55.586082,86.86807562712431,56.892224025111936
35.251501000667105,80.41974,57.880272,86.90500487741265,56.89954639313786
35.28752501667778,72.87217,52.03049,86.94183490469814,56.90705454067525
35.32354903268846,74.19339,54.261223,86.97856496270967,56.91474986499968
35.35957304869913,74.18218,54.24304,87.01519431577273,56.922633743546285
35.395597064709804,92.17143,66.495125,87.05172223891213,56.93070753371746
35.431621080720475,64.59721,47.30501,87.08814801795356,56.93897257269257
35.467645096731154,68.19987,47.972977,87.12447094962415,56.947430177239795
35.503669112741825,79.73636,57.88878,87.16069034165179,56.95608164353005
35.5396931287525,91.73172,64.89813,87.19680551286343,56.96492824695308
35.575717144763175,92.2511,66.73182,87.2328157932821,56.97397124193564
35.611741160773846,100.74252,67.99068,87.26872052422289,56.98321186176195
35.64776517678452,74.028275,53.989967,87.30451905838763,56.99265131839632
35.683789192795196,88.246544,57.727093,87.3402107599585,57.00229080230793
35.71981320880587,99.75615,68.453545,87.37579500469026,57.012131482297995
35.755837224816545,87.15074,57.393425,87.41127118000153,57.02217450532914
35.79186124082722,76.69203,57.06481,87.44663868506458,57.03242099635708
35.82788525683789,64.92896,47.34736,87.481896930894,57.04287205816461
35.86390927284856,89.27333,58.437515,87.51704534043407,57.05352877119803
35.89993328885924,70.878716,49.49006,87.55208334864497,57.064392193405816
35.935957304869916,87.20424,57.40297,87.58701040258757,57.075463360079794
35.97198132088059,91.60666,64.36891,87.62182596150697,57.086743283698645
36.00800533689126,107.03839,65.784134,87.6565294969148,57.09823295377397
36.04402935290193,95.506256,69.68513,87.6911204926702,57.109933336698646
36.0800533689126,68.23434,47.984077,87.72559844505929,57.12184537559782
36.11607738492328,88.98692,58.18448,87.75996286287364,57.13396999018234
36.15210140093396,83.52255,57.52291,87.79421326748702,57.14630807660467
36.18812541694463,90.122345,59.58177,87.82834919293111,57.15886050731744
36.2241494329553,94.40691,69.48514,87.86237018596961,57.171628130934565
36.26017344896597,70.03012,48.83165,87.89627580617112,57.18461177209476
36.29619746497665,75.17955,55.680965,87.93006562598049,57.19781223132798
36.33222148098732,66.553894,47.581886,87.96373923078889,57.21123028492419
36.368245496998,108.864975,67.02371,87.9972962190025,57.22486668480497
36.40426951300867,91.55096,64.12774,88.03073620210944,57.23872215839767
36.44029352901934,91.421776,63.56553,88.06405880474588,57.25279740851239
36.476317545030014,89.36453,58.529503,88.09726366476004,57.267093113221456
36.51234156104069,94.73946,69.58985,88.1303504332752,57.281609925741805
36.54836557705137,106.4857,65.7874,88.16331877475108,57.29634847432004
36.58438959306204,78.30089,57.724037,88.19616836704367,57.311309362120205
36.62041360907271,76.54207,56.966614,88.22889890146384,57.326493167114386
36.656437625083385,72.66122,51.69296,88.26151008283408,57.341900441976094
36.692461641094056,96.79643,69.5348,88.29400162954414,57.35753171397641
36.728485657104734,62.54285,46.99052,88.32637327360482,57.373387484883054
36.76450967311541,67.375626,47.74745,88.3586247607005,57.38946823086218
36.800533689126084,78.261475,57.71494,88.39075585023994,57.40577440238309
36.836557705136755,79.11521,57.85319,88.42276631540574,57.42230642412582
36.87258172114743,67.77287,47.847206,88.4546559432021,57.43906469489162
36.908605737158105,78.71129,57.80238,88.4864245345011,57.45604958751628
36.944629753168776,95.32165,69.67792,88.5180719040874,57.47326144878645
36.980653769179455,77.070885,57.28105,88.54959788070144,57.49070059935884
37.016677785190126,65.4919,47.42083,88.58100230708095,57.50836733368235
37.0527018012008,67.60761,47.803864,88.612285040001,57.526261919923265
37.08872581721147,72.98577,52.217255,88.6434459503123,57.54438459989328
37.12474983322215,102.60158,67.09833,88.67448492297817,57.562735588980594
37.160773849232825,73.120895,52.44314,88.70540185710962,57.581315076083996
37.1967978652435,86.750656,57.33892,88.73619666599902,57.600123223549964
37.23282188125417,88.76584,58.021458,88.76686927715204,57.61916016711271
37.26884589726484,103.89983,66.52051,88.79741963231805,57.6384260158374
37.30486991327551,66.535675,47.578712,88.82784768751888,57.657920852066326
37.34089392928619,60.170826,46.274693,88.85815341307588,57.677644731368076
37.37691794529687,81.70554,57.771225,88.88833679363537,57.697597682489956
37.41294196130754,85.559296,57.312134,88.91839782819258,57.71777970731332
37.44896597731821,69.15602,48.34472,88.94833653011369,57.73819078081202
37.48498999332888,68.519165,48.081837,88.97815292715647,57.75883085101405
37.52101400933956,72.3642,51.242073,89.00784706148904,57.77969983896618
37.55703802535023,91.07444,62.14315,89.03741898970715,57.800797638701745
37.59306204136091,95.97797,69.6668,89.06686878284968,57.8221241172116
37.62908605737158,75.66506,56.227142,89.09619652641248,57.84367911441816
37.66511007338225,77.75311,57.56984,89.12540232036059,57.86546244315255
37.70113408939292,95.21683,69.669754,89.15448627913874,57.88747388913502
37.7371581054036,65.84555,47.470016,89.1834485316801,57.90971321095837
37.77318212141427,91.98027,65.86028,89.2122892214135,57.93218014007464
37.80920613742495,93.52475,68.928955,89.2410085062688,57.95487438078492
37.84523015343562,93.201996,68.58066,89.26960655868066,57.97779561023237
37.881254169446294,60.308304,46.333233,89.29808356559056,58.000943478398334
37.917278185456965,75.23153,55.744415,89.32643972844718,58.024317608101825
37.95330220146764,89.61097,58.810204,89.35467526320502,58.04791759500192
37.98932621747832,64.27618,47.263496,89.38279040032127,58.07174300760361
38.02535023348899,72.75043,51.8341,89.41078538475112,58.09579338726672
38.061374249499664,77.62056,57.52281,89.43866047594125,58.12006824821807
38.097398265510336,76.89872,57.18822,89.46641594782162,58.14456707756677
38.133422281521014,76.76975,57.112797,89.49405208879551,58.16928933532287
38.169446297531685,94.657684,69.56824,89.521569201728,58.194234454419075
38.20547031354236,98.507935,68.98793,89.54896760393248,58.219401840735706
38.241494329553035,70.626236,49.271732,89.57624762715577,58.24479087312902
38.277518345563706,90.3494,60.032482,89.60340961756114,58.27040090346251
38.31354236157438,72.24121,51.064697,89.63045393570991,58.2962312566416
38.349566377585056,103.509415,66.686386,89.65738095654129,58.322281230651534
38.38559039359573,92.53045,67.44365,89.68419106935028,58.34855009659841
38.421614409606406,93.36183,68.76561,89.71088467776413,58.3750370987535
38.45763842561708,75.771255,56.33296,89.73746219971693,58.401741454600796
38.49366244162775,70.82008,49.437523,89.76392406742247,58.42866235488774
38.52968645763843,100.63961,68.039925,89.79027072734547,58.455798963679165
38.5657104736491,84.704735,57.375797,89.81650264017101,58.48315041841452
38.60173448965977,64.78026,47.32838,89.84262028077228,58.510715829968234
38.63775850567045,98.422134,69.02146,89.8686241381766,58.53849428271332
38.67378252168112,91.385315,63.407906,89.89451471552977,58.56648483458825
38.70980653769179,74.11646,54.135715,89.92029253005856,58.594686517166906
38.74583055370247,92.91069,68.16864,89.94595811303174,58.623098335731896
38.78185456971314,75.74894,56.31112,89.97151200971919,58.6517192693509
38.81787858572381,89.217636,58.384216,89.99695477934932,58.680548270956386
38.85390260173449,74.48731,54.72399,90.02228699506493,58.7095842674284
38.88992661774516,88.498215,57.85579,90.04750924387719,58.73882615968054
38.92595063375583,105.00969,66.10762,90.07262212661803,58.768272822749246
38.96197464976651,106.4875,65.787254,90.09762625789087,58.79792310588608
38.99799866577718,91.82186,65.26326,90.12252226601944,58.827775832653295
39.03402268178785,95.66847,69.68445,90.1473107929952,58.857829801022596
39.07004669779853,60.162483,46.271057,90.17199249442291,58.88808378347694
39.1060707138092,91.62011,64.42674,90.19656803946447,58.918536527115585
39.14209472981988,86.021736,57.302708,90.22103811078122,58.94918675376223
39.17811874583055,82.077225,57.72504,90.24540340447449,58.98003316007633
39.214142761841224,63.15209,47.100487,90.26966463002444,59.01107441766754
39.2501667778519,100.74265,67.990616,90.29382251022732,59.042309173213205
39.28619079386257,64.14195,47.245758,90.31787778113106,59.07373604857903
39.322214809873245,90.351776,60.03763,90.34183119196913,59.10535364094288
39.35823882588392,94.228836,69.409035,90.36568350509279,59.13716052292155
39.394262841894594,73.50292,53.095657,90.38943549590175,59.169155242700704
39.430286857905266,108.063095,66.105835,90.41308795277305,59.20133632416795
39.466310873915944,92.46005,67.28045,90.43664167698854,59.23370226704876
39.502334889926615,92.62915,67.65596,90.46009748266042,59.266251547045655
39.53835890593729,108.85826,67.01076,90.48345619665545,59.29898261598033
39.574382921947965,99.17049,68.71384,90.50671865851737,59.33189390193879
39.610406937958636,66.43058,47.56076,90.5298857203878,59.36498380941953
39.64643095396931,71.08151,49.680702,90.55295824692541,59.398250719484714
39.682454969979986,69.797035,48.68516,90.57593711522375,59.431692989914325
39.71847898599066,89.78822,59.045315,90.59882321472716,59.465308955363255
39.75450300200133,84.410904,57.40773,90.62161744714538,59.49909692752148
39.79052701801201,71.84494,50.533012,90.64432072636646,59.53305519527698
39.82655103402268,64.1899,47.25213,90.66693397836804,59.567182024881745
39.86257505003336,91.41643,63.542336,90.68945814112728,59.60147566012072
39.89859906604403,70.972946,49.576897,90.71189416452906,59.635934322483415
39.9346230820547,63.28233,47.12157,90.73424301027268,59.67055621133872
39.97064709806538,93.54112,68.94409,90.7565056517771,59.705339504112324
40.00667111407605,61.28032,46.680004,90.77868307408457,59.74028235646712
40.04269513008672,97.04733,69.474106,90.80077627376272,59.77538290248643
40.0787191460974,89.51759,58.697968,90.82278625880535,59.81063925486
40.11474316210807,85.229065,57.330647,90.84471404853149,59.846049505072806
40.15076717811874,83.33177,57.549805,90.86656067348306,59.881611723596734
40.18679119412942,67.952774,47.89765,90.88832717532108,59.91732396008486
40.22281521014009,72.9345,52.132576,90.91001460672044,59.95318424356859
40.25883922615076,91.81212,65.22459,90.93162403126308,59.98919058265752
40.29486324216144,75.106705,55.589996,90.95315652332987,60.025340965741975
40.33088725817211,108.52591,66.51072,90.97461316799101,60.06163336119817
40.36691127418278,93.44847,68.85542,90.99599506089494,60.09806571759621
40.40293529019346,84.54432,57.39273,91.01730330815599,60.134635963910576
40.43895930620413,72.1177,50.892372,91.03853902624037,60.17134200973326
40.47498332221481,73.3323,52.80255,91.05970334185112,60.208181745489625
40.51100733822548,66.83591,47.633465,91.08079739181133,60.24515304265668
40.547031354236154,107.32171,65.821144,91.10182232294625,60.28225375398405
40.58305537024683,89.26429,58.42873,91.12277929196385,60.319481713717394
40.6190793862575,71.397316,50.00657,91.14366946533426,60.356834737824414
40.655103402268175,97.1004,69.460236,91.16449401916759,60.394310624223294
40.69112741827885,67.70071,47.827938,91.18525413909074,60.43190715301367
40.727151434289524,101.77201,67.49386,91.20595102012267,60.46962208671
40.763175450300196,72.81671,51.940514,91.22658586654839,60.507453170477355
40.799199466310874,66.95492,47.656746,91.24715989179191,60.5453981323697
40.835223482321545,69.23573,48.382534,91.26767431828753,60.58345468357042
40.87124749833222,98.47505,69.00084,91.28813037735029,60.62162051863529
40.907271514342895,85.81798,57.304234,91.30852930904483,60.65989331573773
40.943295530353566,87.33624,57.429016,91.3288723620532,60.69827073691642
40.97931954636424,98.2495,69.087364,91.34916079354147,60.73675042832506
41.015343562374916,63.80892,47.200195,91.36939586902506,60.77533002048456
41.05136757838559,109.20957,67.968925,91.38957886223281,60.814007128537305
41.08739159439626,97.583694,69.31906,91.4097110549702,60.85277935250368
41.12341561040694,93.35503,68.758255,91.42979373698097,60.891644277540784
41.15943962641761,72.26632,51.100445,91.44982820580788,60.930599474203234
41.19546364242829,70.5163,49.18291,91.46981576665235,60.96964249870613
41.23148765843896,91.655624,64.57858,91.48975773223279,61.00877089319007
41.26751167444963,81.65439,57.7772,91.50965542264204,61.04798218598832
41.30353569046031,76.016754,56.559704,91.52951016520356,61.08727389189583
41.33955970647098,100.111855,68.2894,91.54932329432663,61.12664351244048
41.37558372248165,72.69365,51.743988,91.56909615136053,61.166088536156124
41.41160773849233,76.67657,57.055027,91.58883008444761,61.20560643885768
41.447631754503,93.26558,68.65738,91.60852644837533,61.245194683918065
41.48365577051367,62.31653,46.94403,91.62818660442733,61.28485072254713
41.51967978652435,71.94115,50.656406,91.64781192023361,61.32457199407229
41.55570380253502,90.94959,61.69326,91.6674037696194,61.36435592622114
41.59172781854569,67.25657,47.720352,91.68696353245352,61.40419993540577
41.62775183455637,77.74708,57.567787,91.70649259449549,61.444101427008874
41.66377585056704,104.356155,66.33866,91.72599234724171,61.484057795671596
41.69979986657771,61.57074,46.763554,91.74546418777092,61.52406642558311
41.73582388258839,90.48378,60.339428,91.76490951858867,61.56412469077178
41.77184789859906,103.7578,66.57987,91.78432974747079,61.60422995539809
41.807871914609734,79.338486,57.871452,91.80372628730623,61.6443795740491
41.84389593062041,69.94244,48.774986,91.82310055593892,61.68457089203446
41.879919946631084,65.86302,47.472538,91.84245397600873,61.72480124568405
41.91594396264176,108.9728,67.25333,91.86178797479184,61.76506796264708
41.95196797865243,88.166626,57.691086,91.88110398404018,61.80536836219265
41.987991994663105,69.50011,48.5168,91.90040343982002,61.84569975551183
42.02401601067378,64.15734,47.247807,91.91968778235005,61.88605944602109
42.060040026684455,106.73876,65.77509,91.93895845583842,61.92644472966709
42.096064042695126,65.42354,47.411663,91.9582169083193,61.96685289523292
42.132088058705804,69.12091,48.328438,91.97746459148871,62.007281224645546
42.168112074716475,91.79831,65.169464,91.99670296053947,62.04772699328456
42.20413609072715,69.86907,48.72903,92.01593347399574,62.088187470292254
42.240160106737825,73.43703,52.982304,92.03515759354676,62.12865991888476
42.2761841227485,80.06997,57.890076,92.05437678388,62.169141596664474
42.31220813875917,97.687965,69.285385,92.07359251251376,62.20962975593362
42.348232154769846,97.993706,69.18086,92.09280624962898,62.25012164400885
42.38425617078052,98.5002,68.99097,92.11201946790082,62.29061450353692
42.42028018679119,77.31186,57.396797,92.13123364232938,62.33110557281154
42.45630420280187,100.200325,68.248,92.15045025006998,62.37159208609098
42.49232821881254,84.696144,57.37667,92.169670770263,62.41207127391682
42.52835223482321,63.052322,47.083813,92.18889668386316,62.45254036343366
42.56437625083389,108.931305,67.159836,92.20812947346835,62.49299657870952
42.60040026684456,91.39873,63.465813,92.22737062314789,62.53343714105723
42.63642428285524,70.67719,49.314163,92.24662161827058,62.573859269356724
42.67244829886591,78.95845,57.836323,92.26588394533218,62.61426018037787
42.70847231487658,77.1564,57.323967,92.28515909178242,62.654637089104256
42.74449633088726,72.75485,51.84118,92.30444854585181,62.694987209057665
42.78052034689793,93.89674,69.2225,92.32375379637806,62.735307752623044
42.8165443629086,75.85218,56.41043,92.34307633263197,62.77559593137431
42.85256837891928,91.99978,65.92945,92.36241764414325,62.815848956400714
42.88859239492995,100.40941,68.14945,92.38177922052596,62.85606403863359
42.92461641094062,75.82119,56.38108,92.40116255130351,62.896238389173874
42.9606404269513,100.068184,68.309746,92.42056912573372,62.93636921961997
42.99666444296197,69.27798,48.40306,92.4400004326333,62.976453742396025
43.03268845897264,68.08713,47.9377,92.45945796020234,63.01648917108071
43.06871247498332,76.1156,56.644176,92.47894319584859,63.056472720736366
43.10473649099399,70.59317,49.244633,92.49845762601144,63.09640160823835
43.140760507004664,75.14876,55.6428,92.51800273598582,63.13627305260483
43.17678452301534,72.93849,52.139145,92.53758000974595,63.17608427532682
43.212808539026014,61.160267,46.642998,92.55719092976904,63.215832500698255
43.24883255503669,89.36041,58.525215,92.57683697685873,63.25551495614651
43.284856571047364,77.92816,57.625885,92.5965196299687,63.295128872562834
43.320880587058035,70.95355,49.558777,92.61624036602593,63.33467148463302
43.35690460306871,95.34987,69.679596,92.63600065975423,63.37414003116809
43.392928619079385,60.296303,46.328224,92.6558019834975,63.41353175543497
43.428952635090056,68.79142,48.186165,92.67564580704314,63.45284390548723
43.464976651100734,73.007,52.252502,92.69553359744549,63.49207373449573
43.501000667111406,61.384605,46.710957,92.71546681884928,63.531218501079124
43.53702468312208,74.54482,54.811005,92.7354469323131,63.5702754696343
43.573048699132755,67.30939,47.732227,92.75547539563306,63.60924191066667
43.60907271514343,81.10942,57.833633,92.77555366316653,63.648115101120126
43.6450967311541,98.16553,69.11862,92.79568318565603,63.68689232470689
43.681120747164776,99.237015,68.685005,92.81586541005316,63.725570872237
43.71714476317545,93.97147,69.27005,92.83610177934284,63.76414804194748
43.75316877918612,94.69014,69.57712,92.8563937323677,63.802621139831125
43.7891927951968,102.01866,67.37517,92.87674270365274,63.84098747996496
43.82521681120747,73.18266,52.54751,92.89715012323003,63.87924438483812
43.86124082721814,103.25039,66.80068,92.91761741646394,63.91738918567937
43.89726484322882,82.157135,57.71457,92.93814600387648,63.955419222784066
43.93328885923949,80.22011,57.88717,92.95873730097296,63.9933318458405
43.96931287525017,75.50197,56.05521,92.97939271806803,64.03112441425571
44.00533689126084,91.57112,64.21529,93.00011366011194,64.06879429748061
44.04136090727151,68.68808,48.145233,93.02090152651735,64.10633887533449
44.07738492328219,93.74347,69.11367,93.04175771098642,64.1437555383287
44.11340893929286,63.62567,47.173904,93.0626836013382,64.18104168798968
44.14943295530353,100.09355,68.29793,93.08368057933663,64.21819473718115
44.18545697131421,70.36545,49.066875,93.1047500205189,64.25521211042543
44.22148098732488,100.467865,68.12173,93.12589329402431,64.29209124422395
44.25750500333555,90.90519,61.54245,93.14711176242355,64.32882958737682
44.29352901934623,107.55025,65.87565,93.16840678154851,64.36542460130136
44.3295530353569,62.307518,46.94211,93.18977970032276,64.40187376034982
44.36557705136757,97.98268,69.18478,93.21123186059233,64.4381745521259
44.40160106737825,87.928406,57.596226,93.23276459695731,64.47432447780032
44.43762508338892,100.68833,68.01663,93.25437923660381,64.51032105242514
44.473649099399594,106.43484,65.7918,93.27607709913678,64.5461618052471
44.50967311541027,92.24896,66.72568,93.29785949641328,64.58184428001964
44.545697131420944,85.6312,57.30931,93.31972773237636,64.6173660353138
44.581721147431615,80.17133,57.888336,93.34168310288992,64.65272464482774
44.617745163442294,83.765945,57.48936,93.36372689557385,64.68791769769511
44.653769179452965,76.35103,56.83035,93.38586038964024,64.7229427987919
44.68979319546364,92.03361,66.04701,93.40808485573014,64.7577975690421
44.725817211474315,70.16311,48.92134,93.43040155575102,64.79247964572174
44.761841227484986,59.84809,46.126892,93.45281174271528,64.82698668276171
44.797865243495664,100.11781,68.28661,93.47531666057921,64.86131635104893
44.833889259506336,91.96269,65.7971,93.49791754408307,64.89546633872594
44.86991327551701,80.11169,57.889473,93.5206156185917,64.92943435148915
44.905937291527685,81.57115,57.786705,93.5434120999364,64.96321811288526
44.94196130753836,65.22337,47.385292,93.5663081942572,64.99681536460616
44.97798532354903,75.76039,56.322357,93.58930509784642,65.0302238667821
45.014009339559706,89.13948,58.312866,93.61240399699295,65.06344139827318
45.05003335557038,64.263336,47.261814,93.63560606782752,65.09646575695906
45.08605737158105,94.64974,69.56601,93.65891247616892,65.12929476002694
45.12208138759173,103.55275,66.66757,93.68232437737117,65.16192624425756
45.1581054036024,108.47615,66.454254,93.70584291617176,65.19435806630958
45.19412941961307,83.710495,57.49691,93.72946922654074,65.2265881030018
45.23015343562375,90.38276,60.105675,93.75320443153112,65.25861425159371
45.26617745163442,85.36,57.322266,93.77704964313,65.29043443006377
45.30220146764509,78.65645,57.79356,93.80100596211105,65.32204657738599
45.33822548365577,73.12688,52.453217,93.82507447788784,65.35344865380428
45.37424949966644,88.90617,58.12194,93.8492562683685,65.38463864110469
45.41027351567712,107.78821,65.96113,93.87355239981139,65.41561454288575
45.44629753168779,70.61375,49.261456,93.89796392668181,65.44637438482647
45.48232154769846,85.36729,57.32184,93.92249189151019,65.47691621495214
45.51834556370914,82.881134,57.614174,93.94713732475115,65.50723810389816
45.55436957971981,83.610146,57.51072,93.97190124464387,65.53733814517128
45.59039359573048,91.25486,62.856224,93.99678465707379,65.56721445540883
45.62641761174116,81.608475,57.78248,94.02178855543534,65.59686517463551
45.66244162775183,74.33641,54.489967,94.04691392049608,65.62628846651782
45.6984656437625,88.2097,57.71022,94.07216172026219,65.65548251861614
45.73448965977318,81.15067,57.829887,94.09753290984489,65.68444554263439
45.77051367578385,90.97745,61.79033,94.12302843132862,65.71317577466719
45.806537691794524,102.17592,67.29987,94.14864921364031,65.74167147544463
45.8425617078052,80.363945,57.88253,94.17439617241995,65.76993093057443
45.878585723815874,69.68271,48.618015,94.20027020989262,65.79795245078155
45.914609739826545,107.842575,65.98546,94.22627221474195,65.8257343721453
45.950633755837224,66.71343,47.610474,94.25240306198484,65.85327505633383
45.986657771847895,91.69191,64.732086,94.27866361284765,65.88057289083577
46.02268178785857,61.65624,46.786625,94.30505471464389,65.90762628918951
46.058705803869245,64.09157,47.239017,94.33157720065319,65.93443369120958
46.094729819879916,88.44267,57.82528,94.35823189000193,65.9609935632103
46.130753835890594,93.24431,68.63218,94.38501958754526,65.98730439822667
46.166777851901266,77.11195,57.301918,94.41194108375052,66.01336471623256
46.20280186791194,72.91082,52.093674,94.43899715458232,66.0391730643559
46.238825883922615,86.75098,57.338955,94.46618856138915,66.06472801709113
46.27484989993329,93.4509,68.85784,94.49351605079127,66.0900281765088
46.31087391594396,66.28649,47.537056,94.5209803545706,66.11507217246206
46.346897931954636,60.21954,46.29573,94.54858218956181,66.13985866279046
46.38292194796531,62.643364,47.010105,94.57632225754513,66.16438633352053
46.41894596397598,82.99758,57.597523,94.60420124514083,66.18865389906354
46.45496997998666,75.99763,56.542915,94.63221982370519,66.21266010241015
46.49099399599733,83.52044,57.523205,94.66037864922815,66.236403715322
46.527018012008,92.27011,66.78596,94.68867836223274,66.25988353852023
46.56304202801868,76.150826,56.67336,94.71711958767595,66.28309840187092
46.59906604402935,107.30673,65.81839,94.74570293485141,66.30604716456727
46.63509006004002,75.169586,55.66866,94.77442899729371,66.32872871530884
46.6711140760507,91.07968,62.16285,94.80329835268452,66.3511419724773
46.70713809206137,75.96593,56.514763,94.83231156276031,66.37328588430924
46.74316210807205,72.62758,51.64039,94.86146917322182,66.39515942906559
46.77918612408272,86.219795,57.305668,94.89077171364532,66.41676161519779
46.81521014009339,107.32276,65.82134,94.92021969739568,66.43809148151072
46.85123415610407,72.99829,52.238014,94.94981362154101,66.45914809732226
46.88725817211474,68.707596,48.152836,94.97955396676932,66.47993056261947
46.92328218812541,94.65467,69.5674,95.00944119730681,66.5004380082116
46.95930620413609,91.86037,65.41393,95.03947576083812,66.52066959587948
46.99533022014676,63.201546,47.10858,95.0696580884281,66.54062451852161
47.03135423615743,78.75449,57.80899,95.0999885944459,66.56030200029687
47.06737825216811,93.60872,69.004265,95.13046767649041,66.57970129676367
47.10340226817878,90.41127,60.169785,95.16109571531786,66.59882169501569
47.139426284189454,104.131004,66.426575,95.19187307477114,66.6176625138141
47.17545030020013,97.88172,69.22011,95.22280010171121,66.63622310371628
47.211474316210804,102.61474,67.092155,95.25387712595,66.654502847201
47.247498332221475,107.555756,65.87727,95.28510446018568,66.67250115879006
47.283522348232154,92.46695,67.2969,95.31648239993949,66.69021748516624
47.319546364242825,72.67619,51.716484,95.34801122349467,66.70765130528785
47.355570380253496,67.452995,47.76572,95.3796911918372,66.72480213049954
47.391594396264175,84.50014,57.397614,95.41152254859867,66.74166950463939
47.427618412274846,108.72133,66.77463,95.44350552000085,66.75825300414256
47.463642428285524,63.114395,47.094242,95.47564031480246,66.77455223814118
47.499666444296196,99.2739,68.66893,95.50792712424771,66.7905668485604
47.53569046030687,84.140175,57.440384,95.54036612201696,66.806296510211
47.571714476317545,103.43147,66.72045,95.5729574641793,66.82174093087811
47.60773849232822,59.657204,46.032295,95.60570128914713,66.83689985140616
47.64376250833889,93.756195,69.12332,95.63859771763278,66.85177304578026
47.679786524349566,109.13145,67.68934,95.67164685260713,66.86636032120366
47.71581054036024,90.7854,61.1595,95.70484877926015,66.8806615181714
47.75183455637091,101.67897,67.53877,95.7382035649637,66.89467651054028
47.78785857238159,61.235565,46.66638,95.77171125923607,66.90840520559506
47.82388258839226,67.11559,47.689766,95.80537189370887,66.92184754411053
47.85990660440293,77.40126,57.435764,95.83918548209569,66.93500350041018
47.89593062041361,72.42838,51.336876,95.87315202016296,66.94787308242061
47.93195463642428,75.18578,55.68863,95.90727148570295,66.96045633172238
47.96797865243495,81.810165,57.75869,95.94154383850865,66.97275332359678
48.00400266844563,91.10602,62.26284,95.97596902035087,66.98476416706889
48.0400266844563,90.87813,61.452896,96.01054695495733,66.99648900494651
48.07605070046697,66.993416,47.664486,96.04527754799393,67.00792801385549
48.11207471647765,76.052086,56.59034,96.08016068704806,67.01908140427082
48.14809873248832,91.9487,65.74628,96.11519624161399,67.02994942054403
48.184122748499,89.03765,58.22564,96.15038406308037,67.0405323409265
48.22014676450967,95.62015,69.6853,96.18572398471989,67.05083047758903
48.25617078052034,105.923256,65.8668,96.221215821681,67.06084417663708
48.29219479653102,104.69525,66.21385,96.25685937098183,67.0705738181225
48.32821881254169,88.494125,57.853497,96.29265441150599,67.08001981605094
48.364242828552364,70.16757,48.924427,96.32860070400083,67.0891826183855
48.40026684456304,73.209045,52.592274,96.36469799107763,67.09806270704618
48.43629086057371,80.97919,57.844826,96.40094599721391,67.10666059790566
48.472314876584385,77.03718,57.26356,96.43734442875791,67.11497684078071
48.50833889259506,65.9922,47.491493,96.47389297393532,67.12301201941993
48.544362908605734,104.72093,66.20482,96.51059130285793,67.13076675148722
48.580386924616406,59.79893,46.103054,96.54743906753458,67.13824168854143
48.616410940627084,84.04517,57.452446,96.58443590188423,67.14543751601188
48.652434956637755,73.509964,53.107773,96.62158142175113,67.15235495317005
48.68845897264843,90.56827,60.549805,96.65887522492216,67.15899475309685
48.724482988659105,105.81155,65.88971,96.69631689114631,67.16535770264639
48.760507004669776,60.876972,46.549515,96.73390598215637,67.1714446224053
48.79653102068045,91.07358,62.1399,96.77164204169267,67.17725636664828
48.832555036691126,80.93023,57.848774,96.80952459552904,67.18279382328944
48.8685790527018,99.701614,68.47835,96.84755315150085,67.18805791382987
48.904603068712476,65.12425,47.372433,96.88572719953532,67.1930495933008
48.94062708472315,96.00299,69.664505,96.92404621168393,67.19776985020316
48.97665110073382,87.71003,57.5241,96.96250964215677,67.2022197064428
49.0126751167445,67.07552,47.681355,97.00111692735953,67.20640021726182
49.04869913275517,61.176346,46.64804,97.03986748593206,67.2103124711658
49.08472314876584,83.739655,57.49293,97.07876071878951,67.21395758984727
49.12074716477652,91.01076,61.90893,97.1177960091654,67.21733672810464
49.15677118078719,95.77666,69.68062,97.15697272265695,67.22045107375773
49.19279519679786,92.294785,66.85496,97.19629020727237,67.22330184755883
49.22881921280854,89.40667,58.574062,97.23574779348056,67.22589030309993
49.26484322881921,75.35142,55.886196,97.27534479426271,67.22821772671603
49.30086724482988,90.22649,59.778687,97.31508050516612,67.2302854373843
49.33689126084056,80.50059,57.87655,97.35495420436024,67.23209478661927
49.37291527685123,91.21184,62.680096,97.39496515269461,67.23364715836425
49.4089392928619,69.97291,48.79446,97.43511259375919,67.23494396887838
49.44496330887258,82.67561,57.64338,97.47539575394666,67.23598666662011
49.48098732488325,77.95511,57.633926,97.51581384251676,67.23677673212647
49.51701134089393,95.68245,69.684105,97.55636605166299,67.23731567788849
49.5530353569046,77.285355,57.384842,97.59705155658119,67.2376050482226
49.58905937291527,66.74251,47.615845,97.6378695155403,67.23764641913822
49.62508338892595,101.096756,67.82022,97.67881906995525,67.2374413982012
49.66110740493662,60.113205,46.24939,97.71989934446188,67.23699162439368
49.697131420947294,91.64017,64.51271,97.761109446994,67.23629876796964
49.73315543695797,69.22031,48.375122,97.80244846886251,67.23536453030698
49.76917945296864,91.748474,64.967224,97.84391548483657,67.23419064375527
49.805203468979315,88.14487,57.681667,97.88550955322688,67.23277887148006
49.84122748498999,90.63152,60.716778,97.92722971597105,67.231131007303
49.877251501000664,86.95507,57.36321,97.96907499872083,67.22924887553827
49.913275517011336,84.41672,57.407063,98.0110444109317,67.2271343308252
49.949299533022014,96.45621,69.603004,98.05313694595424,67.22478925795691
49.985323549032685,93.566376,68.967,98.09535158112766,67.22221557170538
50.02134756504336,77.953735,57.63352,98.1376872778753,67.2194152166425
50.057371581054035,62.79821,47.039093,98.18014298180219,67.21639016695748
50.093395597064706,76.28804,56.78256,98.22271762279459,67.21314242627048
50.12941961307538,65.886795,47.475983,98.26541011512154,67.20967402744246
50.165443629086056,72.85427,52.00136,98.30821935753839,67.20598703238133
50.20146764509673,91.0427,62.025208,98.35114423339229,67.20208353184437
50.237491661107406,108.36714,66.34303,98.39418361072975,67.19796564523699
50.27351567711808,91.52864,64.03064,98.43733634240604,67.19363552040781
50.30953969312875,66.40358,47.55624,98.4806012661966,67.18909533344
50.34556370913943,96.25853,69.63428,98.52397720491044,67.18434728843914
50.3815877251501,70.447,49.12878,98.56746296650529,67.17939361731733
50.41761174116077,75.64543,56.207054,98.611057344205,67.17423657957372
50.45363575717145,108.59761,66.59918,98.65475911661848,67.16887846207155
50.48965977318212,96.7626,69.542336,98.69856704786082,67.16332157881149
50.52568378919279,87.48485,57.46286,98.74247988767613,67.1575682707016
50.56170780520347,91.92407,65.65557,98.78649637156235,67.15162090532365
50.59773182121414,91.267975,62.910576,98.83061522089795,67.14548187669605
50.63375583722481,94.64448,69.56451,98.87483514307027,67.13915360503313
50.66977985323549,77.05267,57.271645,98.91915483160604,67.13263853650128
50.70580386924616,90.7422,61.029804,98.96357296630343,67.12593914297132
50.74182788525683,91.84317,65.34709,99.00808821336611,67.11905792176773
50.77785190126751,103.16905,66.83717,99.05269922553899,67.1119973954144
50.81387591727818,82.528534,57.66403,99.09740464224578,67.104760111377
50.84989993328885,90.1554,59.64258,99.14220308972841,67.09734864180206
50.88592394929953,62.003117,46.873657,99.18709318118812,67.08976558325281
50.9219479653102,73.24899,52.66022,99.2320735169283,67.08201355644164
50.95797198132088,62.124397,46.901768,99.27714268449908,67.07409520595932
50.99399599733155,60.7592,46.507973,99.32229925884374,67.06601320000117
51.030020013342224,94.8665,69.61853,99.36754180244664,67.05777023008972
51.0660440293529,69.8923,48.74344,99.41286886548298,67.04936901079456
51.10206804536357,94.341606,69.458984,99.45827898597018,67.04081227944876
51.138092061374245,68.44489,48.055275,99.50377068992094,67.03210279586236
51.17411607738492,92.46763,67.2985,99.54934249149801,67.02324334203266
51.210140093395594,90.489876,60.354137,99.59499289317034,67.01423672185157
51.246164109406266,92.59261,67.57953,99.64072038587123,67.00508576080988
51.282188125416944,91.9769,65.848236,99.68652344915778,66.9957933056985
51.318212141427615,71.54891,50.17617,99.73240055137194,66.98636222430683
51.35423615743829,75.39253,55.93335,99.77835014980337,66.97679540511811
51.390260173448965,87.49829,57.466167,99.82437069085356,66.96709575700187
51.426284189459636,71.9706,50.694912,99.87046061020158,66.95726620890373
51.46230820547031,97.923706,69.20552,99.91661833297142,66.94730970953194
51.498332221480986,61.87644,46.843052,99.96284227390085,66.93722922704154
51.53435623749166,69.403595,48.466164,100.00913083751146,66.92702774871555
51.57038025350233,81.06829,57.837276,100.05548241828059,66.91670828064333
51.60640426951301,70.98824,49.591274,100.10189540081444,66.90627384739652
51.64242828552368,73.81903,53.6377,100.14836816002256,66.89572749170202
51.67845230153436,69.648605,48.59856,100.19489906129402,66.8850722741125
51.71447631754503,73.7171,53.463707,100.24148646067465,66.87431127267429
51.7505003335557,90.81778,61.259613,100.28812870504589,66.86344758259261
51.78652434956638,91.68062,64.68451,100.33482413230489,66.85248431589444
51.82254836557705,86.332214,57.30947,100.38157107154589,66.8414246010887
51.85857238158772,92.65396,67.70644,100.42836784324305,66.83027158282415
51.8945963975984,107.41029,65.83939,100.47521275943448,66.81902842154472
51.93062041360907,92.45552,67.26959,100.52210412390752,66.80769829314254
51.96664442961974,71.78009,50.45189,100.56904023238539,66.79628438860864
52.00266844563042,87.00354,57.370033,100.61601937271496,66.78478991368125
52.03869246164109,60.457184,46.393784,100.66303982505573,66.7732180884919
52.07471647765176,75.3225,55.852585,100.71009986207018,66.76157214720928
52.11074049366244,60.64668,46.466747,100.75719774911502,66.74985533768086
52.14676450967311,93.506226,68.91156,100.80433174443384,66.73807092107238
52.18278852568378,68.08054,47.935688,100.8515000993507,66.72622217150526
52.21881254169446,70.64191,49.28469,100.89870105846501,66.7143123756918
52.25483655770513,91.48657,63.847363,100.94593285984733,66.70234483256857
52.29086057371581,102.22362,67.277115,100.99319373523636,66.69032285292754
52.32688458972648,92.74861,67.88919,101.0404819102369,66.67824975904539
52.362908605737154,72.59971,51.597115,101.0877956045189,66.66612888431096
52.39893262174783,104.50883,66.281265,101.13513303201745,66.65396357285069
52.4349566377585,82.30322,57.69502,101.18249240113383,66.64175717915221
52.470980653769175,100.97779,67.877594,101.22987191493735,66.62951306768633
52.50700466977985,91.70195,64.774185,101.27726977136845,66.6172346125271
52.543028685790524,105.71134,65.91201,101.32468416344227,66.60492519697016
52.579052701801196,93.10398,68.45364,101.37211327945357,66.59258821314948
52.615076717811874,75.091415,55.570618,101.4195553031822,66.58022706165254
52.651100733822545,75.30684,55.83423,101.46700841409941,66.5678451511337
52.68712474983322,109.13041,67.68598,101.51447078757538,66.5554458979263
52.723148765843895,85.9569,57.30271,101.56194059508697,66.54303272565309
52.759172781854566,102.94177,66.94049,101.60941600442672,66.5306090648352
52.79519679786524,76.47626,56.921112,101.65689517991231,66.51817835249985
52.831220813875916,66.10071,47.50788,101.70437628259704,66.50574403178642
52.86724482988659,97.48706,69.349304,101.75185747048056,66.49330955155158
52.90326884589726,84.73065,57.37318,101.79933689872085,66.4808783659727
52.93929286190794,85.84524,57.303776,101.84681271984641,66.46845393415049
52.97531687791861,90.333084,59.997368,101.89428308396926,66.45603971970999
53.01134089392929,60.53498,46.424286,101.9417461389986,66.44363919040079
53.04736490993996,74.271736,54.38732,101.98920003085495,66.43125581769593
53.08338892595063,65.07225,47.36573,102.03664290368492,66.41889307638982
53.11941294196131,98.125984,69.13316,102.0840729000765,66.40655444419512
53.15543695797198,73.800125,53.60552,102.13148816127487,66.3942434013388
53.19146097398265,85.27851,57.32733,102.17888682739864,66.381963430157
53.22748498999333,90.61484,60.6719,102.22626703765667,66.36971801468933
53.263509006004,72.66233,51.69471,102.27362693056526,66.3575106402721
53.29953302201467,100.50184,68.10559,102.32096464416568,66.34534479313093
53.33555703802535,69.153114,48.34336,102.36827831624231,66.33322395997257
53.37158105403602,81.35635,57.809837,102.41556608454093,66.32115162757601
53.40760507004669,63.20701,47.10947,102.46282608698738,66.30913128238302
53.44362908605737,74.22901,54.31878,102.51005646190669,66.29716641008805
53.47965310206804,62.431854,46.968147,102.55725534824234,66.28526049522759
53.51567711807871,74.829315,55.22218,102.6044208857758,66.273417020769
53.55170113408939,74.090576,54.093124,102.65155121534643,66.26163946769908
53.58772515010006,65.12889,47.37303,102.69864447907145,66.24993131461196
53.623749166110734,102.88513,66.96653,102.74569882056615,66.2382960372968
53.65977318212141,92.73552,67.864815,102.79271238516435,66.22673710832521
53.695797198132084,59.73239,46.07021,102.83968332013883,66.21525799663834
53.73182121414276,91.28689,62.98943,102.88660977492202,66.20386216713375
53.76784523015343,106.53476,65.78374,102.93348990132662,66.19255308025222
53.803869246164105,104.83371,66.165855,102.98032185376655,66.18133419156433
53.83989326217478,73.09972,52.407494,103.0271037894776,66.17020895135705
53.875917278185455,74.73898,55.095226,103.07383386873823,66.15918080422033
53.911941294196126,100.25046,68.22447,103.12051025509058,66.14825318863363
53.947965310206804,93.471634,68.878296,103.16713111556098,66.13742953655262
53.983989326217475,91.42465,63.577984,103.21369462088076,66.12671327299597
54.02001334222815,108.54666,66.53543,103.26019894570682,66.11610781563239
54.056037358238825,98.45443,69.008896,103.30664226884211,66.10561657436774
54.0920613742495,106.14746,65.8275,103.35302277345589,66.09524295093264
54.12808539026017,88.2454,57.726562,103.39933864730395,66.08499033847016
54.164109406270846,89.54272,58.727425,103.44558808294849,66.07486212112408
54.20013342228152,94.18139,69.386116,103.49176927797791,66.0648616736275
54.23615743829219,69.857796,48.722084,103.53788043522616,66.05499236089192
54.27218145430287,93.48164,68.888016,103.58391976299205,66.04525753759687
54.30820547031354,102.95475,66.93455,103.62988547525808,66.03566054778004
54.34422948632421,108.14934,66.1637,103.67577579190896,66.02620472442811
54.38025350233489,60.91282,46.561836,103.72158893894985,66.0168933890682
54.41627751834556,72.97995,52.20761,103.7673231487241,66.0077298513601
54.45230153435624,69.18533,48.35849,103.81297666013074,65.99871740868922
54.48832555036691,82.45297,57.67452,103.85854771884142,65.98985934576028
54.52434956637758,75.40475,55.94721,103.90403457751685,65.98115893419208
54.56037358238826,94.70668,69.5815,103.94943549602286,65.97261943211291
54.59639759839893,66.38989,47.553963,103.99474874164588,65.96424408375715
54.6324216144096,85.68559,57.307487,104.03997258930792,65.9560361190628
54.66844563042028,91.82716,65.28422,104.08510532178101,65.94799875327001
54.70446964643095,89.7041,58.929947,104.13014522990085,65.94013518652078
54.74049366244162,67.60827,47.80403,104.17509061278008,65.93244860345993
54.7765176784523,95.1492,69.66282,104.21993977802094,65.92494217283695
54.81254169446297,71.771065,50.44073,104.26469104192685,65.91761904710951
54.84856571047364,89.18031,58.34965,104.30934272971383,65.910482362048
54.88458972648432,70.97144,49.575485,104.35389317572086,65.90353523634148
54.92061374249499,91.24528,62.8167,104.39834072361953,65.89678077120509
54.956637758505664,71.59446,50.228844,104.44268372662305,65.89022204998885
54.99266177451634,89.76611,59.014305,104.48692054769428,65.883862137788
55.028685790527014,60.1482,46.264812,104.53104955975314,65.87770408105487
55.064709806537685,90.41255,60.17267,104.57506914588299,65.8717509072123
55.100733822548364,72.2048,51.013283,104.61897769953617,65.8660056242688
55.136757838559035,103.00715,66.91058,104.66277362473876,65.86047122043524
55.17278185456971,94.840866,69.613205,104.70645533629423,65.8551506637435
55.208805870580385,67.78788,47.85128,104.75002125998628,65.8500469016667
55.244829886591056,68.921295,48.24004,104.7934698327807,65.84516286074131
55.280853902601734,65.37079,47.40465,104.83679950302604,65.8405014461913
55.316877918612406,79.12666,57.85429,104.88000873065349,65.83606554155395
55.35290193462308,70.87838,49.489754,104.92309598737563,65.83185800830779
55.388925950633755,62.683712,47.017796,104.966059756884,65.82788168550266
55.42494996664443,87.21895,57.405693,105.00889853504563,65.82413938939156
55.4609739826551,79.231995,57.86356,105.0516108300986,65.82063391306478
55.496997998665776,85.43817,57.3179,105.09419516284612,65.81736802608633
55.53302201467645,83.24183,57.5626,105.13665006684974,65.81434447413218
55.56904603068712,71.28004,49.8813,105.17897408862116,65.81156597863124
55.6050700466978,63.85177,47.206207,105.22116578781296,65.80903523640816
55.64109406270847,73.643036,53.33666,105.26322373740797,65.80675491932887
55.67711807871914,74.49638,54.73781,105.30514652390731,65.80472767394816
55.71314209472982,62.014904,46.876442,105.34693274751743,65.8029561211601
55.74916611074049,76.85078,57.16078,105.38858102233539,65.80144285585044
55.78519012675117,106.00844,65.850784,105.43008997653322,65.80019044655201
55.82121414276184,89.04281,58.229904,105.4714582525406,65.79920143510233
55.85723815877251,66.20708,47.524403,105.51268450722623,65.79847833630403
55.89326217478319,73.70315,53.4398,105.55376741207795,65.79802363758782
55.92928619079386,90.344604,60.022118,105.59470565338114,65.79783979867831
55.96531020680453,77.9424,57.63015,105.6354979323959,65.79792925126227
56.00133422281521,72.10098,50.869507,105.67614296553253,65.79829439866009
56.03735823882588,88.27256,57.739296,105.71663948452574,65.79893761549963
56.07338225483655,86.03778,57.30278,105.7569862366071,65.79986124739328
56.10940627084723,106.53433,65.78376,105.79718198467609,65.80106761061778
56.1454302868579,90.515915,60.417786,105.83722550746944,65.80255899179703
56.18145430286857,76.8132,57.138786,105.87711559972908,65.8043376475878
56.21747831887925,96.25579,69.63467,105.91685107236816,65.80640580436868
56.25350233488992,89.20851,58.375675,105.95643075263573,65.8087656579319
56.289526350900594,84.65648,57.380756,105.99585348427959,65.81141937317838
56.32555036691127,69.06832,48.30447,106.03511812770748,65.81436908381593
56.361574382921944,88.200775,57.706203,106.07422356014649,65.81761689206068
56.397598398932615,68.87168,48.219135,106.11316867580095,65.8211648683416
56.433622414943294,70.08375,48.867264,106.15195238600839,65.82501505100853
56.469646430953965,102.697266,67.05359,106.19057361939363,65.82916944604332
56.50567044696464,103.79439,66.56447,106.22903132202148,65.83363002677444
56.541694462975315,79.02786,57.844223,106.26732445754712,65.838398733595
56.577718478985986,91.960556,65.78938,106.30545200736495,65.84347747368416
56.613742494996664,67.67479,47.82115,106.34341297075568,65.84886812073195
56.649766511007336,108.290955,66.274345,106.38120636503115,65.85457251466778
56.68579052701801,77.75396,57.57013,106.41883122567762,65.86059246139236
56.721814543028685,105.92259,65.86693,106.45628660649706,65.86692973251316
56.75783855903936,65.65896,47.44366,106.49357157974629,65.87358606508367
56.79386257505003,74.81486,55.202095,106.53068523627454,65.88056316134623
56.829886591060706,91.2688,62.913998,106.56762668565872,65.8878626884784
56.86591060707138,74.90337,55.32367,106.60439505633678,65.89548627834341
56.90193462308205,65.2675,47.391052,106.64098949573922,65.90343552724397
56.93795863909273,74.96747,55.40959,106.67740917041833,65.91171199568018
56.9739826551034,81.52294,57.792076,106.71365326617553,65.92031720811117
57.01000667111407,72.29049,51.135082,106.74972098818664,65.9292526527206
57.04603068712475,63.81196,47.200623,106.78561156112501,65.93851978118603
57.08205470313542,92.368774,67.053085,106.82132422928254,65.9481200084523
57.11807871914609,73.19418,52.56704,106.85685825668872,65.95805471250885
57.15410273515677,67.026276,47.671177,106.89221292722732,65.96832523417098
57.19012675116744,72.813805,51.935818,106.92738754475107,65.97893287686519
57.22615076717812,91.527756,64.02682,106.96238143319422,65.98987890641867
57.26217478318879,91.381546,63.39167,106.99719393668272,66.00116455085269
57.29819879919946,75.74131,56.303604,107.03182441964236,66.0127910001803
57.33422281521014,66.84778,47.635742,107.06627226690463,66.02475940620802
57.37024683122081,75.32935,55.860588,107.10053688381038,66.03707088234184
57.40627084723148,90.15506,59.641937,107.13461769631121,66.04972650339737
57.44229486324216,78.43132,57.752106,107.16851415106855,66.06272730541434
57.47831887925283,67.4036,47.753998,107.20222571555053,66.0760742854751
57.5143428952635,79.44348,57.87784,107.23575187812651,66.0897684015278
57.55036691127418,72.78293,51.886124,107.26909214815939,66.10381057221352
57.58639092728485,63.497665,47.1549,107.30224605609537,66.11820167669805
57.622414943295524,78.452,57.75628,107.33521315355168,66.13294255450779
57.6584389593062,74.60514,54.90091,107.36799301340169,66.1480340053704
57.694462975316874,70.95133,49.55671,107.40058522985785,66.16347678905942
57.730486991327545,63.405975,47.14093,107.4329894185521,66.17927162524377
57.766511007338224,62.25726,46.931282,107.46520521661398,66.19541919334148
57.802535023348895,103.14009,66.850235,107.4972322827463,66.211920132378
57.838559039359566,93.87184,69.20588,107.52907029729838,66.22877504084903
57.874583055370245,71.068146,49.667698,107.56071896233698,66.24598447658795
57.910607071380916,91.745514,64.955055,107.59217800171453,66.26354895663773
57.946631087391594,92.397835,67.12747,107.62344716113518,66.2814689571275
57.982655103402266,79.49245,57.880356,107.65452620821819,66.29974491315369
58.01867911941294,67.439514,47.762497,107.68541493255898,66.31837721866584
58.054703135423615,89.4984,58.67582,107.71611314578766,66.33736622635719
58.09072715143429,65.85608,47.471535,107.7466206816249,66.35671224755959
58.12675116744496,88.19357,57.702984,107.77693739593556,66.37641555214348
58.162775183455636,100.70323,68.0095,107.80706316677957,66.39647636842255
58.19879919946631,75.34665,55.880684,107.83699789446047,66.41689488306278
58.23482321547698,92.35115,67.007034,107.86674150157124,66.43767124099665
58.27084723148766,74.65145,54.968967,107.8962939330377,66.45880554534197
58.30687124749833,107.554955,65.87704,107.92565515615927,66.48029785732543
58.342895263509,82.36133,57.687115,107.95482516064726,66.50214819621091
58.37891927951968,64.15521,47.24752,107.98380395866056,66.52435653923297
58.41494329553035,99.85594,68.40788,108.01259158483856,66.54692282153462
58.45096731154102,86.2427,57.306313,108.04118809633184,66.56984693611042
58.4869913275517,71.23525,49.83481,108.06959357282997,66.59312873375418
58.52301534356237,62.012077,46.875774,108.09780811658676,66.61676802301163
58.55903935957305,88.08503,57.65656,108.12583185244304,66.64076457013792
58.59506337558372,90.30103,59.9297,108.15366492784662,66.66511809906017
58.63108739159439,97.50038,69.34519,108.18130751286975,66.68982829134468
58.66711140760507,78.20935,57.702457,108.20875980022402,66.71489478616934
58.70313542361574,89.69249,58.914574,108.23602200527235,66.74031718030079
58.73915943962641,77.78333,57.579998,108.26309436603863,66.7660950280766
58.77518345563709,102.222565,67.27762,108.2899771432146,66.79222784139243
58.81120747164776,103.37663,66.7446,108.31667062016402,66.81871508969407
58.84723148765843,88.05079,57.642715,108.34317510292426,66.8455561999745
58.88325550366911,61.323864,46.69306,108.36949092020524,66.87275055677601
58.91927951967978,99.09203,68.74754,108.39561842338557,66.90029750219716
58.955303535690454,63.55176,47.163,108.42155798650627,66.92819633590491
58.99132755170113,61.390564,46.712692,108.44731000626153,66.95644631515158
59.027351567711804,91.99266,65.904305,108.47287490198701,66.98504665479688
59.063375583722475,85.971016,57.302673,108.49825311564537,67.01399652733505
59.099399599733154,76.34292,56.824272,108.52344511180914,67.04329506292689
59.135423615743825,85.57265,57.311577,108.54845137764087,67.07294134943693
59.171447631754496,60.723568,46.495083,108.57327242287072,67.1029344324754
59.207471647765175,75.2715,55.7924,108.59790877977113,67.1332733154456
59.243495663775846,90.50387,60.388172,108.6223610031291,67.16395695959595
59.279519679786524,71.57442,50.20557,108.6466296702155,67.1949842840772
59.315543695797196,107.392746,65.8355,108.67071538075194,67.22635416600474
59.35156771180787,64.48219,47.29025,108.69461875687469,67.25806544052593
59.387591727818545,86.88357,57.353905,108.71834044309622,67.29011690089231
59.42361574382922,69.25433,48.391533,108.74188110626375,67.32250729853703
59.45963975983989,108.74148,66.806335,108.76524143551529,67.3552353431572
59.495663775850566,103.59305,66.650154,108.78842214223299,67.38829970280136
59.53168779186124,70.04951,48.84444,108.81142395999373,67.42169900396183
59.56771180787191,74.51631,54.76802,108.83424764451706,67.45543183167226
59.60373582388259,86.23917,57.30621,108.85689397361051,67.4894967296101
59.63975983989326,88.88016,58.102543,108.8793637471121,67.52389220020402
59.67578385590393,72.96931,52.189995,108.90165778683028,67.5586167047466
59.71180787191461,62.359524,46.95313,108.92377693648123,67.59366866351166
59.74783188792528,61.24078,46.66798,108.94572206162333,67.62904645587685
59.78385590393595,74.017296,53.9717,108.96749404958906,67.66474842045125
59.81987991994663,84.35088,57.41473,108.98909380941433,67.70077285520772
59.8559039359573,99.65326,68.50026,109.01052227176497,67.7371180176204
59.89192795196797,66.53338,47.578316,109.03178038886067,67.77378212480733
59.92795196797865,83.44702,57.53351,109.05286913439627,67.81076335367757
59.96397598398932,63.372417,47.135735,109.07378950346039,67.84805984108375
60.0,66.02347,47.49617,109.09454251245141,67.88566968397934
